4988601346238,https://m.media-amazon.com/images/I/41QGjvcjywL.jpg
4988601346238,https://m.media-amazon.com/images/I/51XljCH9loL.jpg
4988601346238,https://m.media-amazon.com/images/I/41fI52MMFZL.jpg
4988601346238,https://m.media-amazon.com/images/I/410E2ZAOnrL.jpg
4988601346238,https://m.media-amazon.com/images/I/41jzBzVhYcL.jpg
4988601346238,https://m.media-amazon.com/images/I/41g4m6P1plL.jpg
4988601346238,https://m.media-amazon.com/images/I/418TX6gACjL.jpg
4988601346238,https://m.media-amazon.com/images/I/51cHwXOgwbL.jpg
4988601346238,https://m.media-amazon.com/images/I/41dGWcfn4dL.jpg
4589562630185,https://m.media-amazon.com/images/I/41a+0HD7riL.jpg
4589562630185,https://m.media-amazon.com/images/I/41g20zCyXaL.jpg
4589562630185,https://m.media-amazon.com/images/I/41DXOhivMvL.jpg
4589562630185,https://m.media-amazon.com/images/I/41sWO3Mdf5L.jpg
4589562630185,https://m.media-amazon.com/images/I/41mam1SWPwL.jpg
4573347242762,https://m.media-amazon.com/images/I/41PdvOu48LL.jpg
4573347242762,https://m.media-amazon.com/images/I/41yOwph4paL.jpg
4573347242762,https://m.media-amazon.com/images/I/41dtMUKN1CL.jpg
4573347242762,https://m.media-amazon.com/images/I/41xQbScf8PL.jpg
4573347242762,https://m.media-amazon.com/images/I/41iwSyZVUJL.jpg
4573347242748,https://m.media-amazon.com/images/I/41iUPuRk9NL.jpg
4573347242748,https://m.media-amazon.com/images/I/41t7NWFCJNL.jpg
4573347242748,https://m.media-amazon.com/images/I/41eSE7RgRzL.jpg
4573347242748,https://m.media-amazon.com/images/I/51qrrEgBDpL.jpg
4573347242748,https://m.media-amazon.com/images/I/41pDcxUPotL.jpg
4560266125054,https://m.media-amazon.com/images/I/41jiN1FUgsL.jpg
4560266125054,https://m.media-amazon.com/images/I/41nOSaaZDvL.jpg
4560266125054,https://m.media-amazon.com/images/I/417hCgN+YzL.jpg
4560266125054,https://m.media-amazon.com/images/I/41ZcJh3ft5L.jpg
4560266125054,https://m.media-amazon.com/images/I/41y9C323UjL.jpg
4589496589733,https://m.media-amazon.com/images/I/31RpFUjobRL.jpg
4589496589733,https://m.media-amazon.com/images/I/41X7qgt0vYL.jpg
4589496589733,https://m.media-amazon.com/images/I/51iGeKC56QL.jpg
4589496589733,https://m.media-amazon.com/images/I/41bB-A2bWGL.jpg
4589496589733,https://m.media-amazon.com/images/I/41bL9XZsZwL.jpg
4589496589733,https://m.media-amazon.com/images/I/518H9fLNo-L.jpg
4589496589733,https://m.media-amazon.com/images/I/41U0GcQzWgL.jpg
4573347242489,https://m.media-amazon.com/images/I/41iczQyevsL.jpg
4573347242489,https://m.media-amazon.com/images/I/41EU4PlpAjL.jpg
4573347242489,https://m.media-amazon.com/images/I/517S+6fHb+L.jpg
4573347242489,https://m.media-amazon.com/images/I/51Qkg0ascTL.jpg
4573347242489,https://m.media-amazon.com/images/I/515Cc8ZHgEL.jpg
4573347242489,https://m.media-amazon.com/images/I/31zwwHtRJhL.jpg
4573347242489,https://m.media-amazon.com/images/I/51jab+zr7lL.jpg
4573347242489,https://m.media-amazon.com/images/I/51B6JdqgajL.jpg
4573347242441,https://m.media-amazon.com/images/I/41em3zHegIL.jpg
4573347242441,https://m.media-amazon.com/images/I/41nOZZQPS9L.jpg
4573347242441,https://m.media-amazon.com/images/I/41bI1sG6xTL.jpg
4573347242441,https://m.media-amazon.com/images/I/41474WD7y4L.jpg
4573347242441,https://m.media-amazon.com/images/I/41bNDyAltRL.jpg
4573347242441,https://m.media-amazon.com/images/I/41rnWbbToaL.jpg
4988111654144,https://m.media-amazon.com/images/I/41lSx2Evx+L.jpg
4988111654144,https://m.media-amazon.com/images/I/51j2i4GiOsL.jpg
4988111654144,https://m.media-amazon.com/images/I/51-zUZBZreL.jpg
4988111654144,https://m.media-amazon.com/images/I/41kQYlhzoBL.jpg
4988111654144,https://m.media-amazon.com/images/I/51bu3MbiibL.jpg
4988111654144,https://m.media-amazon.com/images/I/51Xrm23BbfL.jpg
4988111654144,https://m.media-amazon.com/images/I/51s5gARfkKL.jpg
4988111654144,https://m.media-amazon.com/images/I/41Un+7flvmL.jpg
4589562630024,https://m.media-amazon.com/images/I/41biP66W7GL.jpg
4589562630024,https://m.media-amazon.com/images/I/41nadmtTyaL.jpg
4589562630024,https://m.media-amazon.com/images/I/41g20zCyXaL.jpg
4589562630024,https://m.media-amazon.com/images/I/41sWO3Mdf5L.jpg
4589562630024,https://m.media-amazon.com/images/I/41DXOhivMvL.jpg
4580223310781,https://m.media-amazon.com/images/I/41vIsI6pSHL.jpg
4580223310781,https://m.media-amazon.com/images/I/41RXc1WAaLL.jpg
4580223310781,https://m.media-amazon.com/images/I/41wxDTHVG3L.jpg
4580223310781,https://m.media-amazon.com/images/I/51j5axI3VGL.jpg
4580223310781,https://m.media-amazon.com/images/I/415ycnBqoSL.jpg
4580223310781,https://m.media-amazon.com/images/I/412KYv9XGqL.jpg
4571245297440,https://m.media-amazon.com/images/I/41+r6tKOoFL.jpg
4571245297440,https://m.media-amazon.com/images/I/41T4D+CFAxL.jpg
4571245297433,https://m.media-amazon.com/images/I/41PKmZ-1p0L.jpg
4571245297433,https://m.media-amazon.com/images/I/41tGB2vVblL.jpg
4571245297433,https://m.media-amazon.com/images/I/41F8fGsSLcL.jpg
4571245297433,https://m.media-amazon.com/images/I/41yscp8LQ8L.jpg
4571245297433,https://m.media-amazon.com/images/I/41Mj4Gp3mIL.jpg
4571245297433,https://m.media-amazon.com/images/I/41hT+RlA0lL.jpg
4582221158204,https://m.media-amazon.com/images/I/41j7aNmoWOL.jpg
4582221158198,https://m.media-amazon.com/images/I/413B18y00kL.jpg
4582221158198,https://m.media-amazon.com/images/I/41zMbmj3RbL.jpg
4582221158198,https://m.media-amazon.com/images/I/41RbbgfSYzL.jpg
4582221158198,https://m.media-amazon.com/images/I/41yg4ymjz+L.jpg
4582221158198,https://m.media-amazon.com/images/I/410F2Kfp8kL.jpg
4582221158198,https://m.media-amazon.com/images/I/41sGkHJUuAL.jpg
4582221158198,https://m.media-amazon.com/images/I/41UPMJxeCjL.jpg
4582221158198,https://m.media-amazon.com/images/I/41itamVvYPL.jpg
4582221158198,https://m.media-amazon.com/images/I/41jXGsCiEsL.jpg
4582221158181,https://m.media-amazon.com/images/I/41Lukrx1hcL.jpg
4582221158181,https://m.media-amazon.com/images/I/41hXr44CGjL.jpg
4582221158181,https://m.media-amazon.com/images/I/41SUHLIa01L.jpg
4582221158181,https://m.media-amazon.com/images/I/41glzuekwZL.jpg
4582221158181,https://m.media-amazon.com/images/I/417SkVHhs5L.jpg
4582221158181,https://m.media-amazon.com/images/I/41QXOeKQCsL.jpg
4582221158181,https://m.media-amazon.com/images/I/41oF7TXeKSL.jpg
4582221158181,https://m.media-amazon.com/images/I/41R+G1-FsNL.jpg
4582221158181,https://m.media-amazon.com/images/I/41iffpRIOML.jpg
4560266125061,https://m.media-amazon.com/images/I/411RdLSqbKL.jpg
4560266125061,https://m.media-amazon.com/images/I/416dUoGSHnL.jpg
4560266125061,https://m.media-amazon.com/images/I/512CZpTtBrL.jpg
4560266125061,https://m.media-amazon.com/images/I/41+HkedoH5L.jpg
4560266125061,https://m.media-amazon.com/images/I/41kk4+lzhlL.jpg
4560266125061,https://m.media-amazon.com/images/I/41T5sgHg8RL.jpg
4560266125061,https://m.media-amazon.com/images/I/41Gnf6SyJnL.jpg
4560266125061,https://m.media-amazon.com/images/I/41cBius5WBL.jpg
4560266125061,https://m.media-amazon.com/images/I/517vaIY9q5L.jpg
4571245295811,https://m.media-amazon.com/images/I/415B-xam4OL.jpg
4571245295811,https://m.media-amazon.com/images/I/51mmQMVm6YL.jpg
4571245295811,https://m.media-amazon.com/images/I/51I5zcBVc+L.jpg
4571245295811,https://m.media-amazon.com/images/I/51JECBY7xRL.jpg
4571245295811,https://m.media-amazon.com/images/I/51d9-JneEOL.jpg
4571245295811,https://m.media-amazon.com/images/I/51ogYqgd-XL.jpg
4571245295811,https://m.media-amazon.com/images/I/51FGgLU+VVL.jpg
4571245295811,https://m.media-amazon.com/images/I/516uMMWOQCL.jpg
4571245295811,https://m.media-amazon.com/images/I/515+l2I-FxL.jpg
4543341136367,https://m.media-amazon.com/images/I/41EGNxjHaXL.jpg
4543341136367,https://m.media-amazon.com/images/I/51MujKLIi4L.jpg
4543341136367,https://m.media-amazon.com/images/I/41rCfRU3FeL.jpg
4543341136367,https://m.media-amazon.com/images/I/61+HO51mGvL.jpg
4543341136367,https://m.media-amazon.com/images/I/51kCBtYndtL.jpg
4543341136367,https://m.media-amazon.com/images/I/41mr48vKLxL.jpg
4543341136367,https://m.media-amazon.com/images/I/41Fs+rBb4ZL.jpg
4543341136367,https://m.media-amazon.com/images/I/41d9-vkLC+L.jpg
4543341136367,https://m.media-amazon.com/images/I/51c7pNQ4NvL.jpg
4543341136367,https://m.media-amazon.com/images/I/41b77lRslLL.jpg
4571382170606,https://m.media-amazon.com/images/I/41Lb1LQlfQL.jpg
4571382170606,https://m.media-amazon.com/images/I/51BmB9KowvL.jpg
4571382170606,https://m.media-amazon.com/images/I/410Xz1Vm0tL.jpg
4571382170606,https://m.media-amazon.com/images/I/51CajIIFRHL.jpg
4571382170606,https://m.media-amazon.com/images/I/41XY5FGGXSL.jpg
4571382170606,https://m.media-amazon.com/images/I/51JDBnTi1eL.jpg
4571382170606,https://m.media-amazon.com/images/I/51BKD42YnWL.jpg
4571382170606,https://m.media-amazon.com/images/I/51tTw+TV8KL.jpg
4571382170606,https://m.media-amazon.com/images/I/41Ks7NNUeWL.jpg
4571382170606,https://m.media-amazon.com/images/I/51PG5de4F+L.jpg
4571382170606,https://m.media-amazon.com/images/I/41KaroK2uCL.jpg
4560266123944,https://m.media-amazon.com/images/I/31Ifij6UWYL.jpg
4560266123944,https://m.media-amazon.com/images/I/51V0pml00ML.jpg
4560266123944,https://m.media-amazon.com/images/I/51XBH54Vw5L.jpg
4560266123944,https://m.media-amazon.com/images/I/51+EQC7EUfL.jpg
4560266123944,https://m.media-amazon.com/images/I/51scXDO+GSL.jpg
4560266123944,https://m.media-amazon.com/images/I/51hf7GQwa9L.jpg
4560266123937,https://m.media-amazon.com/images/I/31WUPXU1AWL.jpg
4560266123937,https://m.media-amazon.com/images/I/51VemPLYlhL.jpg
4560266123937,https://m.media-amazon.com/images/I/51tpN8JxpHL.jpg
4560266123937,https://m.media-amazon.com/images/I/51Dh-66MjML.jpg
4560266123937,https://m.media-amazon.com/images/I/51dxil86HHL.jpg
4560266123937,https://m.media-amazon.com/images/I/51GiUWrA8BL.jpg
4560266123937,https://m.media-amazon.com/images/I/51Vt0oT9S1L.jpg
4580223310514,https://m.media-amazon.com/images/I/411ng5lbA-L.jpg
4580223310514,https://m.media-amazon.com/images/I/51iP1rjR+uL.jpg
4580223310514,https://m.media-amazon.com/images/I/51Q7MC4j3YL.jpg
4580223310514,https://m.media-amazon.com/images/I/51Ke4-xCi+L.jpg
4580223310514,https://m.media-amazon.com/images/I/51vkK+prptL.jpg
4580223310514,https://m.media-amazon.com/images/I/51m9iPgtjdL.jpg
4580223310514,https://m.media-amazon.com/images/I/51khjnbjUNL.jpg
4510417275695,https://m.media-amazon.com/images/I/4137JEvQzJL.jpg
4510417275695,https://m.media-amazon.com/images/I/51irtKoO9BL.jpg
4510417275695,https://m.media-amazon.com/images/I/41H5OpuIwhL.jpg
4510417275695,https://m.media-amazon.com/images/I/41f3p3kfi4L.jpg
4510417275695,https://m.media-amazon.com/images/I/41apLx-tFbL.jpg
4510417275695,https://m.media-amazon.com/images/I/51mjjNnw5OL.jpg
4510417275695,https://m.media-amazon.com/images/I/41S--w4s0NL.jpg
4510417275695,https://m.media-amazon.com/images/I/41CAyD8Ik-L.jpg
4510417275695,https://m.media-amazon.com/images/I/41P0ECVpINL.jpg
4562357659905,https://m.media-amazon.com/images/I/41FGH8t8TZL.jpg
4562357659905,https://m.media-amazon.com/images/I/51MHMErHnbL.jpg
4562357659905,https://m.media-amazon.com/images/I/51arIideN5L.jpg
4562357659905,https://m.media-amazon.com/images/I/41yCAiNNy3L.jpg
4562357659905,https://m.media-amazon.com/images/I/510i2ElgwSL.jpg
4562357659905,https://m.media-amazon.com/images/I/51urH-bJC6L.jpg
4580223310453,https://m.media-amazon.com/images/I/41+zm9XeCUL.jpg
4580223310453,https://m.media-amazon.com/images/I/51Db+QwAWzL.jpg
4580223310453,https://m.media-amazon.com/images/I/51Nv6BhkTXL.jpg
4580223310453,https://m.media-amazon.com/images/I/51YFd+I8t+L.jpg
4580223310453,https://m.media-amazon.com/images/I/51r6YdPa2jL.jpg
4580223310453,https://m.media-amazon.com/images/I/518LWpP9plL.jpg
4560266123883,https://m.media-amazon.com/images/I/41VSAUn0-lL.jpg
4560266123883,https://m.media-amazon.com/images/I/41FO7ni5T7L.jpg
4560266123883,https://m.media-amazon.com/images/I/41a23U5OeGL.jpg
4560266123883,https://m.media-amazon.com/images/I/31JiiNP5hiL.jpg
4560266123883,https://m.media-amazon.com/images/I/4150wcKOnsL.jpg
4560266123883,https://m.media-amazon.com/images/I/518wWv97f9L.jpg
4571245295835,https://m.media-amazon.com/images/I/51yVsg8lcgL.jpg
4571245295835,https://m.media-amazon.com/images/I/51AGLrb6+tL.jpg
4571245295835,https://m.media-amazon.com/images/I/51BYpHDXaQL.jpg
4571245295835,https://m.media-amazon.com/images/I/513-xJMPGcL.jpg
4571245295835,https://m.media-amazon.com/images/I/51Bz3cu8USL.jpg
4571245295835,https://m.media-amazon.com/images/I/51T5anaV2EL.jpg
4543341135018,https://m.media-amazon.com/images/I/41oPsKZwhfL.jpg
4543341135018,https://m.media-amazon.com/images/I/41sqM9MjbzL.jpg
4543341135018,https://m.media-amazon.com/images/I/41mUOgQER9L.jpg
4543341135018,https://m.media-amazon.com/images/I/41OA8GhAjpL.jpg
4543341135018,https://m.media-amazon.com/images/I/41iSa5qscYL.jpg
4543341135018,https://m.media-amazon.com/images/I/41PehV7tg7L.jpg
4543341135018,https://m.media-amazon.com/images/I/413IKztYh1L.jpg
4543341135018,https://m.media-amazon.com/images/I/41RBEqZqPRL.jpg
4543341135018,https://m.media-amazon.com/images/I/51FWoiqu1GL.jpg
4543341135018,https://m.media-amazon.com/images/I/41xSP4BJmwL.jpg
4543341135018,https://m.media-amazon.com/images/I/41qfJOFvoUL.jpg
4571245295828,https://m.media-amazon.com/images/I/515MVNe6gvL.jpg
4571245295828,https://m.media-amazon.com/images/I/51Qn150kdjL.jpg
4571245295828,https://m.media-amazon.com/images/I/51GvQbaetkL.jpg
4571245295828,https://m.media-amazon.com/images/I/51BVLwmjIlL.jpg
4571245295828,https://m.media-amazon.com/images/I/51kC9qCSbIL.jpg
4571382170460,https://m.media-amazon.com/images/I/41Cadx4hW5L.jpg
4571382170460,https://m.media-amazon.com/images/I/41ai+jma6-L.jpg
4571382170460,https://m.media-amazon.com/images/I/41F8kP0YKhL.jpg
4571382170460,https://m.media-amazon.com/images/I/41atynxw+gL.jpg
4571382170460,https://m.media-amazon.com/images/I/412c6D3LvoL.jpg
4571382170460,https://m.media-amazon.com/images/I/41Kgu3BT9iL.jpg
4571382170460,https://m.media-amazon.com/images/I/41BIdCcZINL.jpg
4571382170460,https://m.media-amazon.com/images/I/41pu5SkNYQL.jpg
4571382170460,https://m.media-amazon.com/images/I/41lxXrqYvjL.jpg
4571382170460,https://m.media-amazon.com/images/I/413K6t0rN6L.jpg
4560321853151,https://m.media-amazon.com/images/I/51KIijAWydL.jpg
4560321853151,https://m.media-amazon.com/images/I/416FFCzX6QL.jpg
4560321853151,https://m.media-amazon.com/images/I/4171uR3MVqL.jpg
4560321853151,https://m.media-amazon.com/images/I/417ljDRKsAL.jpg
4560321853151,https://m.media-amazon.com/images/I/51KIijAWydL.jpg
4560321853151,https://m.media-amazon.com/images/I/51GZsQwWMPL.jpg
4560321853151,https://m.media-amazon.com/images/I/51G3pCtgpuL.jpg
4560321853151,https://m.media-amazon.com/images/I/51JKIr3HqcL.jpg
4543341134370,https://m.media-amazon.com/images/I/411AmV5w2TL.jpg
4543341134370,https://m.media-amazon.com/images/I/41SiFAm6PyL.jpg
4543341134370,https://m.media-amazon.com/images/I/419loZtMiGL.jpg
4543341134370,https://m.media-amazon.com/images/I/41uGqEbujsL.jpg
4543341134370,https://m.media-amazon.com/images/I/41UNezEnKLL.jpg
4543341134370,https://m.media-amazon.com/images/I/51kPMDqIcDL.jpg
4571382170439,https://m.media-amazon.com/images/I/41FbWqlJ24L.jpg
4571382170439,https://m.media-amazon.com/images/I/41lEEINbcYL.jpg
4571382170439,https://m.media-amazon.com/images/I/41UF5c6-kFL.jpg
4571382170439,https://m.media-amazon.com/images/I/41fcbueah8L.jpg
4571382170439,https://m.media-amazon.com/images/I/41SvUe8+TlL.jpg
4571382170439,https://m.media-amazon.com/images/I/41uNbCSiYbL.jpg
4571382170439,https://m.media-amazon.com/images/I/41Uex2n9D3L.jpg
4571382170439,https://m.media-amazon.com/images/I/41dErsqRTLL.jpg
4571382170439,https://m.media-amazon.com/images/I/41wNs1+Yc+L.jpg
4560266123876,https://m.media-amazon.com/images/I/41dH5awXwvL.jpg
4560266123876,https://m.media-amazon.com/images/I/41+IwOalH-L.jpg
4560266123876,https://m.media-amazon.com/images/I/41rp4MWsJLL.jpg
4560266123876,https://m.media-amazon.com/images/I/41VIORKAerL.jpg
4560266123876,https://m.media-amazon.com/images/I/41753cz9H7L.jpg
4560266123876,https://m.media-amazon.com/images/I/41OcjiPFyAL.jpg
4560266123876,https://m.media-amazon.com/images/I/41xUIq3lqrL.jpg
4580223310361,https://m.media-amazon.com/images/I/41jS5I5ZyeL.jpg
4580223310361,https://m.media-amazon.com/images/I/41otddcH0nL.jpg
4580223310361,https://m.media-amazon.com/images/I/41ky7GfTgAL.jpg
4580223310361,https://m.media-amazon.com/images/I/517tknMIo5L.jpg
4580223310361,https://m.media-amazon.com/images/I/41yoJgMvV6L.jpg
4580223310361,https://m.media-amazon.com/images/I/51kX37vUa0L.jpg
4571245294180,https://m.media-amazon.com/images/I/41tV5uJHlXL.jpg
4571245294180,https://m.media-amazon.com/images/I/51slI91uE1L.jpg
4571245294180,https://m.media-amazon.com/images/I/51G6em2pC2L.jpg
4571245294180,https://m.media-amazon.com/images/I/51SxUjiL61L.jpg
4571245294180,https://m.media-amazon.com/images/I/51xP0EzAHrL.jpg
4571245294180,https://m.media-amazon.com/images/I/51DZr8FkpPL.jpg
4571245294180,https://m.media-amazon.com/images/I/51W46AYmvgL.jpg
4571245294173,https://m.media-amazon.com/images/I/51NSeR-yjIL.jpg
4571245294173,https://m.media-amazon.com/images/I/51whlROCccL.jpg
4571245294173,https://m.media-amazon.com/images/I/51QWn7PSidL.jpg
4571245294173,https://m.media-amazon.com/images/I/513+LiVgAVL.jpg
4571245294173,https://m.media-amazon.com/images/I/51KrkmcOP+L.jpg
4571245294173,https://m.media-amazon.com/images/I/514PMKSGiEL.jpg
4571245294173,https://m.media-amazon.com/images/I/511VGb7C+5L.jpg
4571382170323,https://m.media-amazon.com/images/I/31PmQqRuqyL.jpg
4571382170323,https://m.media-amazon.com/images/I/41fShiWIzEL.jpg
4571382170323,https://m.media-amazon.com/images/I/41eDO3Ie7oL.jpg
4571382170323,https://m.media-amazon.com/images/I/41qJYBcIvPL.jpg
4571382170323,https://m.media-amazon.com/images/I/41vdugUtXbL.jpg
4571382170323,https://m.media-amazon.com/images/I/51QYwlSosaL.jpg
4571382170323,https://m.media-amazon.com/images/I/41TEQah0+iL.jpg
4571382170309,https://m.media-amazon.com/images/I/41e0-vhmgcL.jpg
4571382170309,https://m.media-amazon.com/images/I/41pRa3exMnL.jpg
4571382170309,https://m.media-amazon.com/images/I/41lWU7G8rBL.jpg
4571382170309,https://m.media-amazon.com/images/I/41-DzF1M-6L.jpg
4571382170309,https://m.media-amazon.com/images/I/41ZciZtRN2L.jpg
4571382170309,https://m.media-amazon.com/images/I/4142AeT1zzL.jpg
4571382170309,https://m.media-amazon.com/images/I/415Qq6Ja5lL.jpg
4571498440358,https://m.media-amazon.com/images/I/41PfaK0jwIL.jpg
4571498440358,https://m.media-amazon.com/images/I/41nmGtn9eiL.jpg
4571498440358,https://m.media-amazon.com/images/I/41k52cimzQL.jpg
4571498440358,https://m.media-amazon.com/images/I/41amAKrTbvL.jpg
4571498440358,https://m.media-amazon.com/images/I/51cLPE7CrGL.jpg
4571498440358,https://m.media-amazon.com/images/I/41wTbTMyC4L.jpg
4571498440358,https://m.media-amazon.com/images/I/41e3KBNC3JL.jpg
4571498440341,https://m.media-amazon.com/images/I/41IUTD+MKPL.jpg
4571498440341,https://m.media-amazon.com/images/I/41D8yXyafWL.jpg
4571498440341,https://m.media-amazon.com/images/I/41PRFkjbaqL.jpg
4571498440341,https://m.media-amazon.com/images/I/5148WJUezqL.jpg
4571498440341,https://m.media-amazon.com/images/I/41tKgJ5NhzL.jpg
4571498440341,https://m.media-amazon.com/images/I/41oQkCtli9L.jpg
4571498440341,https://m.media-amazon.com/images/I/51UTjVzOhmL.jpg
4571498440341,https://m.media-amazon.com/images/I/51ez77fkcNL.jpg
4562389470660,https://m.media-amazon.com/images/I/41zWenXkhXL.jpg
4562389470660,https://m.media-amazon.com/images/I/51PXHYd9HfL.jpg
4562389470660,https://m.media-amazon.com/images/I/51-XDfJuDEL.jpg
4562389470660,https://m.media-amazon.com/images/I/51V-csrJtcL.jpg
4562389470660,https://m.media-amazon.com/images/I/51cu5hx5RCL.jpg
4562389470660,https://m.media-amazon.com/images/I/51j+5gjLZ+L.jpg
4562389470660,https://m.media-amazon.com/images/I/51USR9femhL.jpg
4562389470660,https://m.media-amazon.com/images/I/51nxC74ptaL.jpg
4562389470653,https://m.media-amazon.com/images/I/41MOusAowjL.jpg
4562389470653,https://m.media-amazon.com/images/I/51dEUvL7Z5L.jpg
4562389470653,https://m.media-amazon.com/images/I/41Xrt1XNHFL.jpg
4562389470653,https://m.media-amazon.com/images/I/41Gbuo9P57L.jpg
4562389470653,https://m.media-amazon.com/images/I/41M9OxwWi4L.jpg
4562389470653,https://m.media-amazon.com/images/I/41+zRyNV+LL.jpg
4562389470653,https://m.media-amazon.com/images/I/41diYzPkmlL.jpg
4562389470653,https://m.media-amazon.com/images/I/5178YHkL7NL.jpg
4560228204315,https://m.media-amazon.com/images/I/41BUhTNLy+L.jpg
4560228204315,https://m.media-amazon.com/images/I/412RDSldGmL.jpg
4560228204315,https://m.media-amazon.com/images/I/41v9F5ggnoL.jpg
4560228204315,https://m.media-amazon.com/images/I/415ciQu22LL.jpg
4560228204315,https://m.media-amazon.com/images/I/41AEU2HS2OL.jpg
4560228204315,https://m.media-amazon.com/images/I/41WioLS39TL.jpg
4560228204315,https://m.media-amazon.com/images/I/41-XETKhn2L.jpg
4560228204315,https://m.media-amazon.com/images/I/41c4MP9ishL.jpg
4571245296115,https://m.media-amazon.com/images/I/41UKlBWDeEL.jpg
4571245296115,https://m.media-amazon.com/images/I/51KI6RHLGRL.jpg
4571245296115,https://m.media-amazon.com/images/I/51hGsHFq6KL.jpg
4571245296115,https://m.media-amazon.com/images/I/51nfEGgNSNL.jpg
4571245296115,https://m.media-amazon.com/images/I/51VMMkqVMpL.jpg
4571245296115,https://m.media-amazon.com/images/I/51UVkPaOTrL.jpg
4943209610938,https://m.media-amazon.com/images/I/51Xs3fGpbNL.jpg
4943209610938,https://m.media-amazon.com/images/I/41edCrc66rL.jpg
4943209610938,https://m.media-amazon.com/images/I/41QNcuK4J4L.jpg
4943209610938,https://m.media-amazon.com/images/I/419XyiVl3EL.jpg
4943209610938,https://m.media-amazon.com/images/I/41Gzveo7tKL.jpg
4943209610938,https://m.media-amazon.com/images/I/41Ry7lgxvOL.jpg
4943209610938,https://m.media-amazon.com/images/I/411VWwBg5zL.jpg
4571245296108,https://m.media-amazon.com/images/I/318aVMrbn9L.jpg
4571245296108,https://m.media-amazon.com/images/I/51nmbIEK0BL.jpg
4571245296108,https://m.media-amazon.com/images/I/51BrFTlsNTL.jpg
4571245296108,https://m.media-amazon.com/images/I/51DSFwOXlDL.jpg
4571245296108,https://m.media-amazon.com/images/I/51SYXyRRvyL.jpg
4571245296108,https://m.media-amazon.com/images/I/51BqeR-JNuL.jpg
4571245296092,https://m.media-amazon.com/images/I/41Vonna8avL.jpg
4571245296092,https://m.media-amazon.com/images/I/51-4R5THqjL.jpg
4571245296092,https://m.media-amazon.com/images/I/512o2ZGU9IL.jpg
4571245296092,https://m.media-amazon.com/images/I/51ze83VZ0DL.jpg
4571245296092,https://m.media-amazon.com/images/I/51KxSYKAq1L.jpg
4571245296092,https://m.media-amazon.com/images/I/51Fd-4nieaL.jpg
4571245296078,https://m.media-amazon.com/images/I/41PFZxCGz-L.jpg
4571245296078,https://m.media-amazon.com/images/I/51sbigpr8OL.jpg
4571245296078,https://m.media-amazon.com/images/I/51kOJW28UML.jpg
4571245296078,https://m.media-amazon.com/images/I/51cmxMfweWL.jpg
4571245296078,https://m.media-amazon.com/images/I/51MvzXlIM4L.jpg
4571245296078,https://m.media-amazon.com/images/I/51Yu58IwWZL.jpg
4571245296078,https://m.media-amazon.com/images/I/51yqQBDB30L.jpg
4571245296085,https://m.media-amazon.com/images/I/41lR8hXiPuL.jpg
4571245296085,https://m.media-amazon.com/images/I/51BItvMl++L.jpg
4571245296085,https://m.media-amazon.com/images/I/51vBZBKleZL.jpg
4571245296085,https://m.media-amazon.com/images/I/519kpN7hcXL.jpg
4571245296085,https://m.media-amazon.com/images/I/51RRpPmxLIL.jpg
4571245296085,https://m.media-amazon.com/images/I/61s7uYDtG2L.jpg
4571245296061,https://m.media-amazon.com/images/I/41IupzOF-ML.jpg
4571245296061,https://m.media-amazon.com/images/I/51LlbdRWQPL.jpg
4571245296061,https://m.media-amazon.com/images/I/51iyPwgUMdL.jpg
4571245296061,https://m.media-amazon.com/images/I/51AISfVmYzL.jpg
4571245296061,https://m.media-amazon.com/images/I/518NVAdW08L.jpg
4571245296061,https://m.media-amazon.com/images/I/51cjsmfWnWL.jpg
4571245296061,https://m.media-amazon.com/images/I/51LqNEV4y-L.jpg
4571245296054,https://m.media-amazon.com/images/I/41zYorX-lfL.jpg
4571245296054,https://m.media-amazon.com/images/I/51LqbnZ8jhL.jpg
4571245296054,https://m.media-amazon.com/images/I/51ZliaRtTzL.jpg
4571245296054,https://m.media-amazon.com/images/I/51R5-2Z2BVL.jpg
4571245296054,https://m.media-amazon.com/images/I/51ko8meXdGL.jpg
4571245296054,https://m.media-amazon.com/images/I/51BXsuZVOZL.jpg
4571245296054,https://m.media-amazon.com/images/I/51jMwtzlRxL.jpg
4943209610921,https://m.media-amazon.com/images/I/41XUfmBzQQL.jpg
4943209610921,https://m.media-amazon.com/images/I/41OhGEvP8bL.jpg
4943209610921,https://m.media-amazon.com/images/I/4186JlvsGqL.jpg
4943209610921,https://m.media-amazon.com/images/I/4142Ny2x1eL.jpg
4943209610921,https://m.media-amazon.com/images/I/41Cy9LePjHL.jpg
4943209610921,https://m.media-amazon.com/images/I/41O21ovH0TL.jpg
4943209610921,https://m.media-amazon.com/images/I/412SskBEGTL.jpg
4545784042038,https://m.media-amazon.com/images/I/41ArImr567L.jpg
4545784042038,https://m.media-amazon.com/images/I/51-thHuguKL.jpg
4545784042038,https://m.media-amazon.com/images/I/519iTKF86UL.jpg
4545784042038,https://m.media-amazon.com/images/I/51QnaMcPckL.jpg
4545784042038,https://m.media-amazon.com/images/I/51M55+Ed16L.jpg
4545784042038,https://m.media-amazon.com/images/I/51ORYgXHd9L.jpg
4902273019290,https://m.media-amazon.com/images/I/41d8Zn70H1L.jpg
4902273019290,https://m.media-amazon.com/images/I/511Nj0+DtXL.jpg
4902273019290,https://m.media-amazon.com/images/I/51VBD2p5-nL.jpg
4902273019290,https://m.media-amazon.com/images/I/51gbpIqlUnL.jpg
4902273019290,https://m.media-amazon.com/images/I/51NLes0WfBL.jpg
4902273019290,https://m.media-amazon.com/images/I/51G1FwrLltL.jpg
4902273019290,https://m.media-amazon.com/images/I/51TH10pJmiL.jpg
4571368445995,https://m.media-amazon.com/images/I/41foTQFZaCL.jpg
4571368445995,https://m.media-amazon.com/images/I/51qxo7+0P2L.jpg
4571368445995,https://m.media-amazon.com/images/I/513q4ajWVLL.jpg
4571368445995,https://m.media-amazon.com/images/I/51k4qtsRG+L.jpg
4571368445995,https://m.media-amazon.com/images/I/51gXaPbhM5L.jpg
4571368445995,https://m.media-amazon.com/images/I/510NzD-SH+L.jpg
4571368445995,https://m.media-amazon.com/images/I/51ZwlJHYv9L.jpg
4571368445896,https://m.media-amazon.com/images/I/41req+nCE7L.jpg
4571368445896,https://m.media-amazon.com/images/I/51zEEIeFBdL.jpg
4571368445896,https://m.media-amazon.com/images/I/51+2yERsb9L.jpg
4571368445896,https://m.media-amazon.com/images/I/51lMjzJFxpL.jpg
4571368445896,https://m.media-amazon.com/images/I/519sQV76tJL.jpg
4571368445896,https://m.media-amazon.com/images/I/51oo+dB7CeL.jpg
4571368445896,https://m.media-amazon.com/images/I/51mbEpnoHrL.jpg
4943209553785,https://m.media-amazon.com/images/I/41nGPOcbcyL.jpg
4943209553785,https://m.media-amazon.com/images/I/41WwdJU1xgL.jpg
4943209553785,https://m.media-amazon.com/images/I/41OngvM5J6L.jpg
4943209553785,https://m.media-amazon.com/images/I/41xPMVEltXL.jpg
4943209553785,https://m.media-amazon.com/images/I/41sF6buXoIL.jpg
4943209553785,https://m.media-amazon.com/images/I/41xhCnDdZPL.jpg
4943209553785,https://m.media-amazon.com/images/I/41qjf6SQ3iL.jpg
4562369650211,https://m.media-amazon.com/images/I/41H5hc6JdpL.jpg
4562369650211,https://m.media-amazon.com/images/I/417amuTxHwL.jpg
4562369650211,https://m.media-amazon.com/images/I/41D6VzXsPdL.jpg
4562369650211,https://m.media-amazon.com/images/I/41vBRc7839L.jpg
4562369650211,https://m.media-amazon.com/images/I/41lYONWcfaL.jpg
4562369650211,https://m.media-amazon.com/images/I/41cQn6+9skL.jpg
4562369650211,https://m.media-amazon.com/images/I/41ah504Vq9L.jpg
4562369650211,https://m.media-amazon.com/images/I/41a9+cKWUiL.jpg
4582221157894,https://m.media-amazon.com/images/I/414p0HwfNoL.jpg
4582221157894,https://m.media-amazon.com/images/I/41AnAwk5UiL.jpg
4582221157894,https://m.media-amazon.com/images/I/41-LccmzF6L.jpg
4582221157894,https://m.media-amazon.com/images/I/41RPHC+S01L.jpg
4582221157894,https://m.media-amazon.com/images/I/41VcLM0A81L.jpg
4582221157894,https://m.media-amazon.com/images/I/41gGZlmVZlL.jpg
4582221157894,https://m.media-amazon.com/images/I/412+YENlaNL.jpg
4582221157894,https://m.media-amazon.com/images/I/41Xv28Cy7+L.jpg
4582221157894,https://m.media-amazon.com/images/I/41yjmCGx0GL.jpg
4582221157894,https://m.media-amazon.com/images/I/41QH5d8IlnL.jpg
4582221157894,https://m.media-amazon.com/images/I/41uaL6GT-zL.jpg
4582221157894,https://m.media-amazon.com/images/I/41VbvqP4q0L.jpg
4582221157894,https://m.media-amazon.com/images/I/41KM9KjsPJL.jpg
4582221157894,https://m.media-amazon.com/images/I/41Cv9kKwjkL.jpg
4582221157894,https://m.media-amazon.com/images/I/41IoWWHRIJL.jpg
4582221157894,https://m.media-amazon.com/images/I/41wkq3H6fLL.jpg
4582221157894,https://m.media-amazon.com/images/I/41RYzKKoaiL.jpg
4582221157894,https://m.media-amazon.com/images/I/41++ZQ02aTL.jpg
4571368445506,https://m.media-amazon.com/images/I/51oCOIWsGVL.jpg
4571368445506,https://m.media-amazon.com/images/I/51btiGL+hmL.jpg
4571368445506,https://m.media-amazon.com/images/I/51WxSuUU7dL.jpg
4571368445506,https://m.media-amazon.com/images/I/51tb1QkK7NL.jpg
4571368445506,https://m.media-amazon.com/images/I/51q994lfRpL.jpg
4582221157856,https://m.media-amazon.com/images/I/416Wspwl3fL.jpg
4582221157856,https://m.media-amazon.com/images/I/41JDDZmDqNL.jpg
4582221157856,https://m.media-amazon.com/images/I/51SF3lZ4N-L.jpg
4582221157856,https://m.media-amazon.com/images/I/41KW3aNQMhL.jpg
4582221157856,https://m.media-amazon.com/images/I/411GuyR72-L.jpg
4582221157856,https://m.media-amazon.com/images/I/41UTV778I1L.jpg
4582221157856,https://m.media-amazon.com/images/I/411TfEDmD+L.jpg
4582221157856,https://m.media-amazon.com/images/I/41SJ3eIw3BL.jpg
4582221157856,https://m.media-amazon.com/images/I/41WHkc4Q1aL.jpg
4560228203615,https://m.media-amazon.com/images/I/41pHK6IahJL.jpg
4560228203615,https://m.media-amazon.com/images/I/516DdATbJmL.jpg
4560228203615,https://m.media-amazon.com/images/I/412suyXkkgL.jpg
4560228203615,https://m.media-amazon.com/images/I/51KALr3oGeL.jpg
4560228203615,https://m.media-amazon.com/images/I/51FLAJDe-yL.jpg
4560228203615,https://m.media-amazon.com/images/I/51WHTZ4dEnL.jpg
4560228203615,https://m.media-amazon.com/images/I/51QHvcvK4uL.jpg
4560228203615,https://m.media-amazon.com/images/I/51Xlr6x69iL.jpg
4560228203615,https://m.media-amazon.com/images/I/410Te2rQAAL.jpg
4560228203615,https://m.media-amazon.com/images/I/51bdxF39GRL.jpg
4560228203615,https://m.media-amazon.com/images/I/41JUtKPMNbL.jpg
4560228203615,https://m.media-amazon.com/images/I/41hKB-DhqDL.jpg
4560228203615,https://m.media-amazon.com/images/I/41QTVZ6GP8L.jpg
4571245294777,https://m.media-amazon.com/images/I/514kvV6vVBL.jpg
4571245294777,https://m.media-amazon.com/images/I/51P6OA2icqL.jpg
4571245294777,https://m.media-amazon.com/images/I/51ZQyzVFqcL.jpg
4571245294777,https://m.media-amazon.com/images/I/51Vv3YPrUYL.jpg
4571245294777,https://m.media-amazon.com/images/I/51po2w4IAhL.jpg
4571245294777,https://m.media-amazon.com/images/I/51ZbooX5teL.jpg
4582465689373,https://m.media-amazon.com/images/I/31Bt8Sjl9KL.jpg
4582465689373,https://m.media-amazon.com/images/I/51Iy4B+bCML.jpg
4582465689373,https://m.media-amazon.com/images/I/51w1b-Z3kTL.jpg
4582465689373,https://m.media-amazon.com/images/I/413s9ifPgCL.jpg
4582465689373,https://m.media-amazon.com/images/I/41xHCMcSHGL.jpg
4582465689373,https://m.media-amazon.com/images/I/416zZDZt+EL.jpg
4582465689373,https://m.media-amazon.com/images/I/51WqTLoRhML.jpg
4582465689373,https://m.media-amazon.com/images/I/51FXHeFUn3L.jpg
4582465689373,https://m.media-amazon.com/images/I/41h7EzWZUbL.jpg
4582465689373,https://m.media-amazon.com/images/I/51QxfsE3KAL.jpg
4582465689373,https://m.media-amazon.com/images/I/511sXBADxZL.jpg
4943209552795,https://m.media-amazon.com/images/I/41iJ2cf6+GL.jpg
4943209552795,https://m.media-amazon.com/images/I/41P6PlWAm5L.jpg
4943209552795,https://m.media-amazon.com/images/I/41wff6Mz2ML.jpg
4943209552795,https://m.media-amazon.com/images/I/41Grig1zxzL.jpg
4943209552795,https://m.media-amazon.com/images/I/414oLCqosYL.jpg
4943209552795,https://m.media-amazon.com/images/I/41A37ipztgL.jpg
4943209552795,https://m.media-amazon.com/images/I/41JfdgzzWpL.jpg
4943209552795,https://m.media-amazon.com/images/I/41VMLAcEh+L.jpg
4571245295149,https://m.media-amazon.com/images/I/51SmcKxolOL.jpg
4571245295149,https://m.media-amazon.com/images/I/51YNPOXslQL.jpg
4571245295149,https://m.media-amazon.com/images/I/51XymQekhSL.jpg
4571245295149,https://m.media-amazon.com/images/I/51dMFnPqavL.jpg
4571245295149,https://m.media-amazon.com/images/I/51nh8tP1RBL.jpg
4582221157054,https://m.media-amazon.com/images/I/41Wc2H6WU8L.jpg
4582221157054,https://m.media-amazon.com/images/I/41EVsCvR9SL.jpg
4582221157054,https://m.media-amazon.com/images/I/413JhG2VPZL.jpg
4582221157054,https://m.media-amazon.com/images/I/41npgn0k4TL.jpg
4582221157054,https://m.media-amazon.com/images/I/41Wad8GSVtL.jpg
4582221157054,https://m.media-amazon.com/images/I/41ExXDCjKsL.jpg
4582221157054,https://m.media-amazon.com/images/I/41NCyysMdDL.jpg
4582221157054,https://m.media-amazon.com/images/I/41u48-oBDxL.jpg
4582221157054,https://m.media-amazon.com/images/I/41Gxg2UwV2L.jpg
4582221157054,https://m.media-amazon.com/images/I/41vb3XZj-YL.jpg
4582221157054,https://m.media-amazon.com/images/I/41mtcKQPC9L.jpg
4582221157054,https://m.media-amazon.com/images/I/41N6nEZhnEL.jpg
4582221157054,https://m.media-amazon.com/images/I/41Xhl5quJ2L.jpg
4582221157054,https://m.media-amazon.com/images/I/41AsD6Q7aqL.jpg
4582221157054,https://m.media-amazon.com/images/I/41ER9-fyUkL.jpg
4582221157054,https://m.media-amazon.com/images/I/41eLgpgkrVL.jpg
4582221157054,https://m.media-amazon.com/images/I/41k+bJuiBmL.jpg
4571245295156,https://m.media-amazon.com/images/I/41dPgyOl4oL.jpg
4571245295156,https://m.media-amazon.com/images/I/51YzpzIOnwL.jpg
4571245295156,https://m.media-amazon.com/images/I/51zpDcI1UbL.jpg
4571245295156,https://m.media-amazon.com/images/I/41+7yzR1efL.jpg
4571245295156,https://m.media-amazon.com/images/I/41VEn0QF07L.jpg
4571245295156,https://m.media-amazon.com/images/I/41nHvAiuShL.jpg
4571245295132,https://m.media-amazon.com/images/I/51gJu24k4pL.jpg
4571245295132,https://m.media-amazon.com/images/I/51onAy1ubeL.jpg
4571245295132,https://m.media-amazon.com/images/I/51DYZEkUhRL.jpg
4571245295132,https://m.media-amazon.com/images/I/51hD-gmLa6L.jpg
4571245295132,https://m.media-amazon.com/images/I/51FEirW9KoL.jpg
4571245295132,https://m.media-amazon.com/images/I/51hOOkE-BFL.jpg
4562369650105,https://m.media-amazon.com/images/I/41s5eqgnO5L.jpg
4562369650105,https://m.media-amazon.com/images/I/413m2YZXuTL.jpg
4562369650105,https://m.media-amazon.com/images/I/51B+uSXKVyL.jpg
4562369650105,https://m.media-amazon.com/images/I/51WOH6-btkL.jpg
4562369650105,https://m.media-amazon.com/images/I/41mAVzcVmeL.jpg
4562369650105,https://m.media-amazon.com/images/I/513b4x7DVaL.jpg
4562369650105,https://m.media-amazon.com/images/I/41bQuIMwerL.jpg
4562369650105,https://m.media-amazon.com/images/I/51h4ztlZo6L.jpg
4562369650105,https://m.media-amazon.com/images/I/51bqOzE4siL.jpg
4571245294784,https://m.media-amazon.com/images/I/41SLhMb11DL.jpg
4571245294784,https://m.media-amazon.com/images/I/41wWWxbW-sL.jpg
4571245294784,https://m.media-amazon.com/images/I/51Pv+FH677L.jpg
4571245294784,https://m.media-amazon.com/images/I/416FOqyR2AL.jpg
4571245294784,https://m.media-amazon.com/images/I/41RzzZ-CvHL.jpg
4571245294784,https://m.media-amazon.com/images/I/41yw21mC8qL.jpg
4582465686327,https://m.media-amazon.com/images/I/31OPPVz+3UL.jpg
4582465686327,https://m.media-amazon.com/images/I/412wAS9Iu0L.jpg
4582465686327,https://m.media-amazon.com/images/I/41Vot7zPGbL.jpg
4582465686327,https://m.media-amazon.com/images/I/41LplSOonDL.jpg
4582465686327,https://m.media-amazon.com/images/I/417s5wzSGYL.jpg
4582465686327,https://m.media-amazon.com/images/I/41hK4OwIqJL.jpg
4582465686327,https://m.media-amazon.com/images/I/41UOPAxGvUL.jpg
4582465686327,https://m.media-amazon.com/images/I/413QWMlJ3-L.jpg
4582465686327,https://m.media-amazon.com/images/I/41gfTWbcofL.jpg
4571245294760,https://m.media-amazon.com/images/I/51e670L86eL.jpg
4571245294760,https://m.media-amazon.com/images/I/51mG1F-XXYL.jpg
4571245294760,https://m.media-amazon.com/images/I/51VTlzH8SWL.jpg
4571245294760,https://m.media-amazon.com/images/I/51mpbcz40ML.jpg
4571245294760,https://m.media-amazon.com/images/I/41M8kqWXEiL.jpg
4543112878601,https://m.media-amazon.com/images/I/419+bEbYiZL.jpg
4543112878601,https://m.media-amazon.com/images/I/41j0IcTCyhL.jpg
4543112878601,https://m.media-amazon.com/images/I/41jqiuA225L.jpg
4543112878601,https://m.media-amazon.com/images/I/31bfbpOIKdL.jpg
4543112878601,https://m.media-amazon.com/images/I/41w+w0zHpnL.jpg
4543112878601,https://m.media-amazon.com/images/I/41kdwKynrGL.jpg
4543112878601,https://m.media-amazon.com/images/I/41GCj++FM8L.jpg
4562357653910,https://m.media-amazon.com/images/I/31cCfVxjmVL.jpg
4562357653910,https://m.media-amazon.com/images/I/41djcn8lWrL.jpg
4562357653910,https://m.media-amazon.com/images/I/41tCaQvBstL.jpg
4562357653910,https://m.media-amazon.com/images/I/41sdhZXWUPL.jpg
4562357653910,https://m.media-amazon.com/images/I/41937ZFrbtL.jpg
4543112851727,https://m.media-amazon.com/images/I/31S1p6gT5cL.jpg
4543112851727,https://m.media-amazon.com/images/I/41izat2nnnL.jpg
4543112851727,https://m.media-amazon.com/images/I/41L36Dz7-BL.jpg
4543112851727,https://m.media-amazon.com/images/I/41arjXmt1CL.jpg
4543112851727,https://m.media-amazon.com/images/I/41l4An9cEtL.jpg
4543112851727,https://m.media-amazon.com/images/I/41Kgsg2zrgL.jpg
4543112851727,https://m.media-amazon.com/images/I/41AjLXHZ8pL.jpg
4543112851727,https://m.media-amazon.com/images/I/41zBS9ElQ4L.jpg
4562357653903,https://m.media-amazon.com/images/I/41hh+egvKnL.jpg
4562357653903,https://m.media-amazon.com/images/I/41CC4RhBJxL.jpg
4562357653903,https://m.media-amazon.com/images/I/41ATUG7cPaL.jpg
4562357653903,https://m.media-amazon.com/images/I/41DcpXUR2IL.jpg
4562357653903,https://m.media-amazon.com/images/I/416qpRu+1DL.jpg
4562357653903,https://m.media-amazon.com/images/I/41NPyR66OlL.jpg
4562357653903,https://m.media-amazon.com/images/I/418Evt+WJ8L.jpg
4562357653903,https://m.media-amazon.com/images/I/416wURV39aL.jpg
4543112856067,https://m.media-amazon.com/images/I/41Xe-YDmppL.jpg
4543112856067,https://m.media-amazon.com/images/I/51VqOBpkZAL.jpg
4543112856067,https://m.media-amazon.com/images/I/51b2oxaw8mL.jpg
4543112856067,https://m.media-amazon.com/images/I/41TYalfT6VL.jpg
4543112856067,https://m.media-amazon.com/images/I/51Xw-hYlueL.jpg
4543112856067,https://m.media-amazon.com/images/I/41z3zoYesPL.jpg
4543112822864,https://m.media-amazon.com/images/I/51e-kaTaZML.jpg
4543112822864,https://m.media-amazon.com/images/I/31YcFXAUymL.jpg
4543112822864,https://m.media-amazon.com/images/I/51B+9Oy1v9L.jpg
4543112822864,https://m.media-amazon.com/images/I/41C-dMWfQZL.jpg
4543112822864,https://m.media-amazon.com/images/I/41QfVvfGKLL.jpg
4543112831224,https://m.media-amazon.com/images/I/31kvfExcQSL.jpg
4543112831224,https://m.media-amazon.com/images/I/31FbSFtZKbL.jpg
4543112831224,https://m.media-amazon.com/images/I/311yFGiVv3L.jpg
4543112831224,https://m.media-amazon.com/images/I/31nAvzul3fL.jpg
4543112831224,https://m.media-amazon.com/images/I/31OyHQaeBLL.jpg
4543112831224,https://m.media-amazon.com/images/I/31VA0qS3UdL.jpg
4543112831224,https://m.media-amazon.com/images/I/31UWBdzKLzL.jpg
4543112831224,https://m.media-amazon.com/images/I/41PpvOfuM3L.jpg
4543112831224,https://m.media-amazon.com/images/I/410uhgYUlOL.jpg
4543112816900,https://m.media-amazon.com/images/I/417Sa1DphAL.jpg
4543112816900,https://m.media-amazon.com/images/I/41ndsc9SrlL.jpg
4543112816900,https://m.media-amazon.com/images/I/41xa28WVmhL.jpg
4543112816900,https://m.media-amazon.com/images/I/41TdaF9txEL.jpg
4543112816900,https://m.media-amazon.com/images/I/411ws2PsD2L.jpg
4543112816900,https://m.media-amazon.com/images/I/31XrmFOQWDL.jpg
4543112816900,https://m.media-amazon.com/images/I/31KwQu++TKL.jpg
4543112816900,https://m.media-amazon.com/images/I/31cj2U2kmRL.jpg
4543112816900,https://m.media-amazon.com/images/I/41iHZzsH2YL.jpg
4543112779540,https://m.media-amazon.com/images/I/413tNE2wGDL.jpg
4543112779540,https://m.media-amazon.com/images/I/413tNE2wGDL.jpg
4543112779540,https://m.media-amazon.com/images/I/414dUzOkjuL.jpg
4543112779540,https://m.media-amazon.com/images/I/51sNGgOaZ0L.jpg
4543112779540,https://m.media-amazon.com/images/I/41xA01-HtwL.jpg
4560308571184,https://m.media-amazon.com/images/I/41kraSt5VrL.jpg
4560308571184,https://m.media-amazon.com/images/I/51glwaHEgdL.jpg
4560308571184,https://m.media-amazon.com/images/I/41l8MiSlTKL.jpg
4560308571184,https://m.media-amazon.com/images/I/51orF8hUhhL.jpg
4560308571184,https://m.media-amazon.com/images/I/51rLu2r8gUL.jpg
4560308571177,https://m.media-amazon.com/images/I/41NwRmCBh4L.jpg
4560308571177,https://m.media-amazon.com/images/I/51io9DJaBzL.jpg
4560308571177,https://m.media-amazon.com/images/I/41uP4TanL4L.jpg
4560308571177,https://m.media-amazon.com/images/I/41q57-Kv8YL.jpg
4560308571177,https://m.media-amazon.com/images/I/51ej3vdy9cL.jpg
4560308571177,https://m.media-amazon.com/images/I/51yD2MbceBL.jpg
4902273017371,https://m.media-amazon.com/images/I/41haRAJJKvL.jpg
4902273017371,https://m.media-amazon.com/images/I/41b8CG4Tg5L.jpg
4902273017371,https://m.media-amazon.com/images/I/51+rEGGZcIL.jpg
4902273017371,https://m.media-amazon.com/images/I/417Csj7bqHL.jpg
4902273017371,https://m.media-amazon.com/images/I/413l-hj7-aL.jpg
4902273017371,https://m.media-amazon.com/images/I/41ANh0umfKL.jpg
4902273017371,https://m.media-amazon.com/images/I/41n2gysMagL.jpg
4560228203172,https://m.media-amazon.com/images/I/41i0zep8hmL.jpg
4560228203172,https://m.media-amazon.com/images/I/41g8nGwSYtL.jpg
4560228203172,https://m.media-amazon.com/images/I/41GiHxq+EbL.jpg
4560228203172,https://m.media-amazon.com/images/I/41GoUsKiqhL.jpg
4560228203172,https://m.media-amazon.com/images/I/41g-fj8ZFZL.jpg
4560228203172,https://m.media-amazon.com/images/I/41LSSdEvoLL.jpg
4560228203172,https://m.media-amazon.com/images/I/41ovzegV+KL.jpg
4560228203172,https://m.media-amazon.com/images/I/41v-0JFJvYL.jpg
4560228203172,https://m.media-amazon.com/images/I/41qt1x71vpL.jpg
4560228203172,https://m.media-amazon.com/images/I/41OcAJfXSKL.jpg
4560228203172,https://m.media-amazon.com/images/I/41I284muZDL.jpg
4560228203172,https://m.media-amazon.com/images/I/41bjMF5IPFL.jpg
4562357642570,https://m.media-amazon.com/images/I/41Chi-Dj7YL.jpg
4562357642570,https://m.media-amazon.com/images/I/41Xytoe+6bL.jpg
4562357642570,https://m.media-amazon.com/images/I/41TbJErb+FL.jpg
4562357642570,https://m.media-amazon.com/images/I/41CocCmaBnL.jpg
4562357642563,https://m.media-amazon.com/images/I/41cG9tYd6YL.jpg
4562357642563,https://m.media-amazon.com/images/I/411Oxy1VX6L.jpg
4562357642563,https://m.media-amazon.com/images/I/41CocCmaBnL.jpg
4562357642563,https://m.media-amazon.com/images/I/41Ccdvvy5oL.jpg
4562357642556,https://m.media-amazon.com/images/I/41Cm5mrk4lL.jpg
4562357642556,https://m.media-amazon.com/images/I/41K2fUdW82L.jpg
4562357642556,https://m.media-amazon.com/images/I/414JHgfS+-L.jpg
4562357642556,https://m.media-amazon.com/images/I/41CocCmaBnL.jpg
4562357642549,https://m.media-amazon.com/images/I/41W3xQQmiCL.jpg
4562357642549,https://m.media-amazon.com/images/I/41T--Ve-YZL.jpg
4562357642549,https://m.media-amazon.com/images/I/41iBbAReq9L.jpg
4562357642549,https://m.media-amazon.com/images/I/31-+OGjdgIL.jpg
4562357642532,https://m.media-amazon.com/images/I/410n36vgpOL.jpg
4562357642532,https://m.media-amazon.com/images/I/41VcSIVl8vL.jpg
4562357642532,https://m.media-amazon.com/images/I/41T--Ve-YZL.jpg
4562357642532,https://m.media-amazon.com/images/I/41pixooi9qL.jpg
4580223310347,https://m.media-amazon.com/images/I/31+t7vluNtL.jpg
4580223310347,https://m.media-amazon.com/images/I/41ww3445TIL.jpg
4580223310347,https://m.media-amazon.com/images/I/41etORKcoDL.jpg
4580223310347,https://m.media-amazon.com/images/I/41rcQZ6aciL.jpg
4580223310347,https://m.media-amazon.com/images/I/41EUnnid0hL.jpg
4580223310347,https://m.media-amazon.com/images/I/415VRhIkuZL.jpg
4934054782499,https://m.media-amazon.com/images/I/31+jnZoXnyL.jpg
4934054782499,https://m.media-amazon.com/images/I/419HclW9N1L.jpg
4934054782499,https://m.media-amazon.com/images/I/41rUJ8XJUNL.jpg
4934054782499,https://m.media-amazon.com/images/I/41+yh+Us3CL.jpg
4934054782499,https://m.media-amazon.com/images/I/419hgz5DUtL.jpg
4543112757296,https://m.media-amazon.com/images/I/41u9oLhh9pL.jpg
4543112757296,https://m.media-amazon.com/images/I/31DGdbsjjYL.jpg
4543112757296,https://m.media-amazon.com/images/I/41t6rn4R2tL.jpg
4543112757296,https://m.media-amazon.com/images/I/41EqlMVwozL.jpg
4543112757296,https://m.media-amazon.com/images/I/51DEodLWngL.jpg
4543112757296,https://m.media-amazon.com/images/I/31xpeLtgJLL.jpg
4543112757296,https://m.media-amazon.com/images/I/51Cq1BZ4qoL.jpg
4943209551750,https://m.media-amazon.com/images/I/31coQunLkXL.jpg
4943209551750,https://m.media-amazon.com/images/I/41mRB1QqsiL.jpg
4943209551750,https://m.media-amazon.com/images/I/41Bu1FCOb0L.jpg
4943209551750,https://m.media-amazon.com/images/I/41bwr9xswaL.jpg
4943209551750,https://m.media-amazon.com/images/I/41425n6YRWL.jpg
4943209551750,https://m.media-amazon.com/images/I/416RJpN8mIL.jpg
4943209551750,https://m.media-amazon.com/images/I/41htnHsoIAL.jpg
4943209551750,https://m.media-amazon.com/images/I/41mU5dNAndL.jpg
4543112733894,https://m.media-amazon.com/images/I/415HCeX-qRL.jpg
4543112733894,https://m.media-amazon.com/images/I/41oaYL2U5PL.jpg
4543112733894,https://m.media-amazon.com/images/I/41+CtpzZ8YL.jpg
4543112733894,https://m.media-amazon.com/images/I/41PM9d60EwL.jpg
4543112733894,https://m.media-amazon.com/images/I/412fdJxTB7L.jpg
4543112733894,https://m.media-amazon.com/images/I/413SEQVI8UL.jpg
4543112733894,https://m.media-amazon.com/images/I/51vty-56y7L.jpg
4543112733894,https://m.media-amazon.com/images/I/41APtv46pgL.jpg
4543112733894,https://m.media-amazon.com/images/I/41ehC5uTTqL.jpg
4543112733894,https://m.media-amazon.com/images/I/41mokilHCUL.jpg
4943209551743,https://m.media-amazon.com/images/I/41iuEhuAJHL.jpg
4943209551743,https://m.media-amazon.com/images/I/41ciLim7JML.jpg
4943209551743,https://m.media-amazon.com/images/I/41Yhu8lIIsL.jpg
4943209551743,https://m.media-amazon.com/images/I/412id1soAXL.jpg
4943209551743,https://m.media-amazon.com/images/I/4127rqJMbdL.jpg
4943209551743,https://m.media-amazon.com/images/I/41b-cEz2Y6L.jpg
4943209551743,https://m.media-amazon.com/images/I/41h6yddxNqL.jpg
4943209551736,https://m.media-amazon.com/images/I/417sFJ1OqYL.jpg
4943209551736,https://m.media-amazon.com/images/I/41UBT4LQbSL.jpg
4943209551736,https://m.media-amazon.com/images/I/417KP6A9XOL.jpg
4943209551736,https://m.media-amazon.com/images/I/41bSZ5RlkoL.jpg
4943209551736,https://m.media-amazon.com/images/I/41RxjzhitDL.jpg
4943209551736,https://m.media-amazon.com/images/I/41sGf1HGCrL.jpg
4943209551736,https://m.media-amazon.com/images/I/4137DMYP9nL.jpg
4943209551736,https://m.media-amazon.com/images/I/41xNU1u0plL.jpg
4943209551712,https://m.media-amazon.com/images/I/31yy7JhNOKL.jpg
4943209551712,https://m.media-amazon.com/images/I/41rJSjn-rcL.jpg
4943209551712,https://m.media-amazon.com/images/I/41KU43wuQvL.jpg
4943209551712,https://m.media-amazon.com/images/I/41YTGQdvGcL.jpg
4943209551712,https://m.media-amazon.com/images/I/415wh8kqYpL.jpg
4943209551712,https://m.media-amazon.com/images/I/31m5hiYIbhL.jpg
4943209551712,https://m.media-amazon.com/images/I/41bK0z+aXjL.jpg
4560228202892,https://m.media-amazon.com/images/I/41-ou2-iMtL.jpg
4560228202892,https://m.media-amazon.com/images/I/413BTIki8ML.jpg
4560228202892,https://m.media-amazon.com/images/I/415zyrFP3kL.jpg
4560228202892,https://m.media-amazon.com/images/I/414ikjo15dL.jpg
4560228202892,https://m.media-amazon.com/images/I/41JqeT+1PZL.jpg
4560228202892,https://m.media-amazon.com/images/I/41b6dLEXWkL.jpg
4560228202892,https://m.media-amazon.com/images/I/4127BYpfO0L.jpg
4560228202892,https://m.media-amazon.com/images/I/41qIsam7uBL.jpg
4560228202892,https://m.media-amazon.com/images/I/41Vb68eJ+YL.jpg
4560228202892,https://m.media-amazon.com/images/I/41bEOHcIbxL.jpg
4560228202892,https://m.media-amazon.com/images/I/41vale-WeZL.jpg
4560228202892,https://m.media-amazon.com/images/I/41hNYnOXYdL.jpg
4560228202892,https://m.media-amazon.com/images/I/41zh2B8uxyL.jpg
4943209551729,https://m.media-amazon.com/images/I/41YErEz0XjL.jpg
4943209551729,https://m.media-amazon.com/images/I/41oYbCokTdL.jpg
4943209551729,https://m.media-amazon.com/images/I/41s-D7tNqyL.jpg
4943209551729,https://m.media-amazon.com/images/I/41ZzyzUPssL.jpg
4943209551729,https://m.media-amazon.com/images/I/41tBG1-1YGL.jpg
4943209551729,https://m.media-amazon.com/images/I/417NlOOAy6L.jpg
4943209551729,https://m.media-amazon.com/images/I/41An5qdfyzL.jpg
4943209551729,https://m.media-amazon.com/images/I/41kwUltJ+VL.jpg
4935228104314,https://m.media-amazon.com/images/I/41aZrgksfDL.jpg
4935228104338,https://m.media-amazon.com/images/I/41m1r919R-L.jpg
4560228206210,https://m.media-amazon.com/images/I/41cXpp7YMeL.jpg
4560228206210,https://m.media-amazon.com/images/I/41qaAcx7vpL.jpg
4560228206210,https://m.media-amazon.com/images/I/41a1hAP40LL.jpg
4560228206210,https://m.media-amazon.com/images/I/41uQNFVkTML.jpg
4560228206210,https://m.media-amazon.com/images/I/41ryylYO7SL.jpg
4560228206210,https://m.media-amazon.com/images/I/41d0KjxOFVL.jpg
4571245299499,https://m.media-amazon.com/images/I/41IbfHa9NnL.jpg
4571245299499,https://m.media-amazon.com/images/I/51XRTIsdFOL.jpg
4571245299499,https://m.media-amazon.com/images/I/515b6DNBvoL.jpg
4571245299499,https://m.media-amazon.com/images/I/41pj5twuQ5L.jpg
4571245299499,https://m.media-amazon.com/images/I/51p+PxSZBTL.jpg
4571245299499,https://m.media-amazon.com/images/I/517UeImTWvL.jpg
4560228206227,https://m.media-amazon.com/images/I/41nQosRCy8L.jpg
4589642710660,https://m.media-amazon.com/images/I/41jV6lVoIYL.jpg
4589642710202,https://m.media-amazon.com/images/I/41b0tJ20EAL.jpg
4589642710202,https://m.media-amazon.com/images/I/41Gb1OpCY9L.jpg
4589642710202,https://m.media-amazon.com/images/I/41arN95wLwL.jpg
4589642710202,https://m.media-amazon.com/images/I/41F0JW6cz8L.jpg
4589642710202,https://m.media-amazon.com/images/I/51RdmekRMPL.jpg
4589642710202,https://m.media-amazon.com/images/I/4192pLUI+OL.jpg
4589642710202,https://m.media-amazon.com/images/I/51Jhz0EfpsL.jpg
4589642710202,https://m.media-amazon.com/images/I/41-j6L+BcsL.jpg
4589642710202,https://m.media-amazon.com/images/I/41fYebQTHvL.jpg
4589642710202,https://m.media-amazon.com/images/I/41CJ9s0K3cL.jpg
4589642710202,https://m.media-amazon.com/images/I/51JO5ir-gGL.jpg
4589642710202,https://m.media-amazon.com/images/I/51B+ELn6JOL.jpg
4589642710202,https://m.media-amazon.com/images/I/41L1PtF0+OL.jpg
4589642710202,https://m.media-amazon.com/images/I/51RGF69bvQL.jpg
4589642710202,https://m.media-amazon.com/images/I/41KFTM2BlZL.jpg
4589642710202,https://m.media-amazon.com/images/I/51wtwMY3VDL.jpg
4589642710202,https://m.media-amazon.com/images/I/51CwYfHeVgL.jpg
4546098093075,https://m.media-amazon.com/images/I/41T8tvlkfAL.jpg
4546098093075,https://m.media-amazon.com/images/I/516xgiHbZIL.jpg
4546098093075,https://m.media-amazon.com/images/I/41S1AxVDN3L.jpg
4546098093075,https://m.media-amazon.com/images/I/51+Y6smuIQL.jpg
4546098093075,https://m.media-amazon.com/images/I/51rkL4JqSSL.jpg
4546098093075,https://m.media-amazon.com/images/I/41iwumaCXBL.jpg
4546098093075,https://m.media-amazon.com/images/I/51EoMGSxGeL.jpg
4546098093075,https://m.media-amazon.com/images/I/41BQLv21rhL.jpg
4546098093075,https://m.media-amazon.com/images/I/41LmKiXGGbL.jpg
4546098093075,https://m.media-amazon.com/images/I/41-x0HYV1VL.jpg
4546098093075,https://m.media-amazon.com/images/I/41QkUskZvyL.jpg
4546098093075,https://m.media-amazon.com/images/I/41NHNoD+2kL.jpg
4546098093075,https://m.media-amazon.com/images/I/41RyTk-TakL.jpg
4546098093075,https://m.media-amazon.com/images/I/41M15tfKJqL.jpg
4589977240559,https://m.media-amazon.com/images/I/41RJXG1YBAL.jpg
4589642709794,https://m.media-amazon.com/images/I/41AVTefsCsL.jpg
4589642709794,https://m.media-amazon.com/images/I/41+X9GzBjQL.jpg
4589642709794,https://m.media-amazon.com/images/I/414MUmXFiQL.jpg
4589642709794,https://m.media-amazon.com/images/I/41ovwQKKyKL.jpg
4589642709794,https://m.media-amazon.com/images/I/410YYKfczTL.jpg
4589642709794,https://m.media-amazon.com/images/I/41pcS5xZ43L.jpg
4589642709794,https://m.media-amazon.com/images/I/41kAcrF14SL.jpg
4589642709794,https://m.media-amazon.com/images/I/41CCg8Usr4L.jpg
4589642709794,https://m.media-amazon.com/images/I/41J-9-Ki4WL.jpg
4589642709794,https://m.media-amazon.com/images/I/41Z4f2WCMhL.jpg
4589642709794,https://m.media-amazon.com/images/I/41GTaag8knL.jpg
4589642709794,https://m.media-amazon.com/images/I/41LhuhYaHoL.jpg
4589642709794,https://m.media-amazon.com/images/I/411Gu7MdfhL.jpg
4589642709794,https://m.media-amazon.com/images/I/41w635gS0jL.jpg
4589642709794,https://m.media-amazon.com/images/I/41Ztk8VCyTL.jpg
4589642709794,https://m.media-amazon.com/images/I/419fv55D1eL.jpg
4589642709794,https://m.media-amazon.com/images/I/41Ens233eGL.jpg
4589642709787,https://m.media-amazon.com/images/I/41AkMtYg8XL.jpg
4589642709787,https://m.media-amazon.com/images/I/41m9xDh5IpL.jpg
4589642709787,https://m.media-amazon.com/images/I/416zr6naUmL.jpg
4589642709787,https://m.media-amazon.com/images/I/41xdOGFOr7L.jpg
4589642709787,https://m.media-amazon.com/images/I/41T9q1aBGdL.jpg
4589642709787,https://m.media-amazon.com/images/I/41EAa86CXcL.jpg
4589642709787,https://m.media-amazon.com/images/I/41d9NnUkzwL.jpg
4589642709787,https://m.media-amazon.com/images/I/41UKKmlHagL.jpg
4589642709787,https://m.media-amazon.com/images/I/41qAm+KYvkL.jpg
4589642709787,https://m.media-amazon.com/images/I/41pSt0x67ML.jpg
4571498446770,https://m.media-amazon.com/images/I/31HXp+EVqGL.jpg
4571498446770,https://m.media-amazon.com/images/I/41jTo8HNGSL.jpg
4571498446770,https://m.media-amazon.com/images/I/41eN2Zw-SJL.jpg
4571498446770,https://m.media-amazon.com/images/I/41yoAMZBFLL.jpg
4571498446770,https://m.media-amazon.com/images/I/31o3SDbe-wL.jpg
4571498446770,https://m.media-amazon.com/images/I/31SERIE3OTL.jpg
4571498446770,https://m.media-amazon.com/images/I/41GQbWJ3vkL.jpg
4571498446770,https://m.media-amazon.com/images/I/41lPywQBACL.jpg
4571498446770,https://m.media-amazon.com/images/I/41kUX-fQYkL.jpg
4545784042755,https://m.media-amazon.com/images/I/31PWy7YiA4L.jpg
4545784042755,https://m.media-amazon.com/images/I/41ctunNSm4L.jpg
4545784042755,https://m.media-amazon.com/images/I/41gwUN8+6ML.jpg
4545784042755,https://m.media-amazon.com/images/I/414be-ESL-L.jpg
4545784042755,https://m.media-amazon.com/images/I/41dJEvH2crL.jpg
4545784042755,https://m.media-amazon.com/images/I/412FTeVQasL.jpg
4545784042755,https://m.media-amazon.com/images/I/4192o6szwML.jpg
4571245298416,https://m.media-amazon.com/images/I/51kjcYE3VPL.jpg
4571245298416,https://m.media-amazon.com/images/I/51sc7-oa72L.jpg
4571245298416,https://m.media-amazon.com/images/I/51vR-nxJdbL.jpg
4571245298416,https://m.media-amazon.com/images/I/51vvccCur0L.jpg
4571245298416,https://m.media-amazon.com/images/I/51f9mF9jr8L.jpg
4571245298416,https://m.media-amazon.com/images/I/51wEppCzfQL.jpg
4571245298416,https://m.media-amazon.com/images/I/51IC6-mZDwL.jpg
4589642708520,https://m.media-amazon.com/images/I/41UdtqA3c7L.jpg
4589642708520,https://m.media-amazon.com/images/I/41jPe1r8d3L.jpg
4589642708520,https://m.media-amazon.com/images/I/51Y2NDk52oL.jpg
4589642708520,https://m.media-amazon.com/images/I/4110pPrxyGL.jpg
4589642708520,https://m.media-amazon.com/images/I/41OT3n-s0UL.jpg
4589642708520,https://m.media-amazon.com/images/I/51pMzEA6whL.jpg
4589642708520,https://m.media-amazon.com/images/I/41SpexT-FML.jpg
4589642708520,https://m.media-amazon.com/images/I/41cCTgyNFoL.jpg
4589642708520,https://m.media-amazon.com/images/I/41h0I6iboJL.jpg
4589642708520,https://m.media-amazon.com/images/I/41HPa7prFNL.jpg
4571245298423,https://m.media-amazon.com/images/I/411ll-qyBXL.jpg
4571245298423,https://m.media-amazon.com/images/I/51nhYhGAkjL.jpg
4571245298423,https://m.media-amazon.com/images/I/51nXPUwppTL.jpg
4571245298423,https://m.media-amazon.com/images/I/51iQx2NrETL.jpg
4571245298423,https://m.media-amazon.com/images/I/514s5fnv9AL.jpg
4571245298423,https://m.media-amazon.com/images/I/51MHaBlk62L.jpg
4571245298423,https://m.media-amazon.com/images/I/41uLM4Dz3hL.jpg
4571245298423,https://m.media-amazon.com/images/I/517PvSCVkVL.jpg
4571498446152,https://m.media-amazon.com/images/I/41+s34rVpeL.jpg
4571498446152,https://m.media-amazon.com/images/I/41pMwBRzthL.jpg
4571498446152,https://m.media-amazon.com/images/I/51thtKjpoOL.jpg
4571498446152,https://m.media-amazon.com/images/I/41QxpyqBiAL.jpg
4571498446152,https://m.media-amazon.com/images/I/3142TBDw4rL.jpg
4571498446152,https://m.media-amazon.com/images/I/41ZIBNNlMgL.jpg
4571498446152,https://m.media-amazon.com/images/I/41vbH1XpYGL.jpg
4571498446152,https://m.media-amazon.com/images/I/41wX7SZ2q+L.jpg
4571498446152,https://m.media-amazon.com/images/I/41iu4FURtDL.jpg
4560228204926,https://m.media-amazon.com/images/I/31MY1enZXmL.jpg
4560228204926,https://m.media-amazon.com/images/I/41DMFKemv1L.jpg
4560228204926,https://m.media-amazon.com/images/I/41tXR0kJiVL.jpg
4560228204926,https://m.media-amazon.com/images/I/41tmi4i7zYL.jpg
4560228204926,https://m.media-amazon.com/images/I/41awkBq2JYL.jpg
4560228204926,https://m.media-amazon.com/images/I/41cxNeWLYbL.jpg
4560228204926,https://m.media-amazon.com/images/I/41UVhPVUiaL.jpg
4560228204926,https://m.media-amazon.com/images/I/41r9pcFWHZL.jpg
4560228204926,https://m.media-amazon.com/images/I/41a3ftSzdNL.jpg
4589642706847,https://m.media-amazon.com/images/I/41-WEsSz+ZL.jpg
4589642706847,https://m.media-amazon.com/images/I/41-NjxscDYL.jpg
4589642706847,https://m.media-amazon.com/images/I/41AgAQFNN9L.jpg
4589642706847,https://m.media-amazon.com/images/I/41yhU0yWVtL.jpg
4589642706847,https://m.media-amazon.com/images/I/41QuFadWfSL.jpg
4589642706847,https://m.media-amazon.com/images/I/41uVZqdW3KL.jpg
4589642706847,https://m.media-amazon.com/images/I/41ont+eljEL.jpg
4589642706847,https://m.media-amazon.com/images/I/41znOG-P5tL.jpg
4589642706847,https://m.media-amazon.com/images/I/41uuKk02JOL.jpg
4589642706847,https://m.media-amazon.com/images/I/41+QScNN1AL.jpg
4589642706847,https://m.media-amazon.com/images/I/41bVUo2P7bL.jpg
4589642706847,https://m.media-amazon.com/images/I/41d+477F-wL.jpg
4546098085667,https://m.media-amazon.com/images/I/41NeRkUF8oL.jpg
4546098085667,https://m.media-amazon.com/images/I/4174e32mxHL.jpg
4546098085667,https://m.media-amazon.com/images/I/41v99dXkr-L.jpg
4546098085667,https://m.media-amazon.com/images/I/51SyVod1JiL.jpg
4546098085667,https://m.media-amazon.com/images/I/41KdoxaqNGL.jpg
4535123825880,https://m.media-amazon.com/images/I/41EeZ4ctHXL.jpg
4535123825880,https://m.media-amazon.com/images/I/41IlzOwbg4L.jpg
4535123825880,https://m.media-amazon.com/images/I/418FKHmlc7L.jpg
4535123825880,https://m.media-amazon.com/images/I/41FSlXgUkDL.jpg
4535123825880,https://m.media-amazon.com/images/I/41EzpKF4kpL.jpg
4535123825880,https://m.media-amazon.com/images/I/41hZHVmgBYL.jpg
4535123825880,https://m.media-amazon.com/images/I/411+lSpXJdL.jpg
4535123825880,https://m.media-amazon.com/images/I/41uGnVU8kUL.jpg
4535123825880,https://m.media-amazon.com/images/I/412EeBs+oGL.jpg
4571498441089,https://m.media-amazon.com/images/I/31gty3h3ZNL.jpg
4571498441089,https://m.media-amazon.com/images/I/414f6yHzqjL.jpg
4571498441089,https://m.media-amazon.com/images/I/41B-kZaxQwL.jpg
4571498441089,https://m.media-amazon.com/images/I/41tPxbmFMkL.jpg
4571498441089,https://m.media-amazon.com/images/I/413oRiVj3lL.jpg
4571498441089,https://m.media-amazon.com/images/I/41cGSlUSgXL.jpg
4571498441089,https://m.media-amazon.com/images/I/41pEZuB2zGL.jpg
4571498441089,https://m.media-amazon.com/images/I/41XlRmEFaDL.jpg
4571498441140,https://m.media-amazon.com/images/I/41m8J8izsML.jpg
4571498441140,https://m.media-amazon.com/images/I/41m8J8izsML.jpg
4571498441140,https://m.media-amazon.com/images/I/41Ff978iPhL.jpg
4571498441140,https://m.media-amazon.com/images/I/31maZWnPxLL.jpg
4571245297990,https://m.media-amazon.com/images/I/41He-LULGxL.jpg
4571245297990,https://m.media-amazon.com/images/I/51PUri9IlZL.jpg
4571245297990,https://m.media-amazon.com/images/I/518rxE9OT5L.jpg
4571245297990,https://m.media-amazon.com/images/I/51l4afg3k-L.jpg
4571245297990,https://m.media-amazon.com/images/I/51QJOyS69eL.jpg
4571245297990,https://m.media-amazon.com/images/I/518k7MvSr7L.jpg
4571245297990,https://m.media-amazon.com/images/I/51O8LPL3S1L.jpg
4571245297983,https://m.media-amazon.com/images/I/51Ve9vS0UBL.jpg
4571245297983,https://m.media-amazon.com/images/I/51U0diWkj-L.jpg
4571245297983,https://m.media-amazon.com/images/I/51q9HOSFCZL.jpg
4571245297983,https://m.media-amazon.com/images/I/51ru7wO9WWL.jpg
4571245297983,https://m.media-amazon.com/images/I/51u9cWkBC9L.jpg
4571245297983,https://m.media-amazon.com/images/I/51e666ZaHxL.jpg
4571245297983,https://m.media-amazon.com/images/I/51bxJHYWCAL.jpg
4560393841599,https://m.media-amazon.com/images/I/414kItwwzVL.jpg
4560393841599,https://m.media-amazon.com/images/I/5168tpSkjXL.jpg
4560393841599,https://m.media-amazon.com/images/I/51onsz0wrPL.jpg
4560393841599,https://m.media-amazon.com/images/I/51oP1xPxAhL.jpg
4560393841599,https://m.media-amazon.com/images/I/51ik-TEhd6L.jpg
4560393841599,https://m.media-amazon.com/images/I/51nVnX7uhCL.jpg
4560393841599,https://m.media-amazon.com/images/I/51d6yqgEwUL.jpg
4560393841599,https://m.media-amazon.com/images/I/515qyr+-N9L.jpg
4560393841599,https://m.media-amazon.com/images/I/51UKovxcYBL.jpg
4560393841599,https://m.media-amazon.com/images/I/41nQ8F75fAL.jpg
4560393841599,https://m.media-amazon.com/images/I/41T42jDmY4L.jpg
4560393841599,https://m.media-amazon.com/images/I/4123QmtVYcL.jpg
4560393841599,https://m.media-amazon.com/images/I/514yMzr6fyL.jpg
4560393841599,https://m.media-amazon.com/images/I/41GMOOAQMnL.jpg
4560393841599,https://m.media-amazon.com/images/I/41MZJRG2R2L.jpg
4560393841599,https://m.media-amazon.com/images/I/41jwAMY5azL.jpg
4560393841599,https://m.media-amazon.com/images/I/41MVky+SISL.jpg
4560393841599,https://m.media-amazon.com/images/I/41+GyzW03bL.jpg
4560393841599,https://m.media-amazon.com/images/I/418GB-FnVoL.jpg
4560393841599,https://m.media-amazon.com/images/I/41lweHqo6-L.jpg
4571245297839,https://m.media-amazon.com/images/I/41TkwzU4JIL.jpg
4571245297839,https://m.media-amazon.com/images/I/51BbjvST8AL.jpg
4571245297839,https://m.media-amazon.com/images/I/511MPdxq30L.jpg
4571245297839,https://m.media-amazon.com/images/I/51dqE3YBzxL.jpg
4571245297839,https://m.media-amazon.com/images/I/51KQbywNNuL.jpg
4571245297839,https://m.media-amazon.com/images/I/51q5pP+xTFL.jpg
4571245297839,https://m.media-amazon.com/images/I/5155Rh+eeHL.jpg
4571245297839,https://m.media-amazon.com/images/I/51Sc++j+fPL.jpg
4571245297822,https://m.media-amazon.com/images/I/41661KSRE6L.jpg
4571245297822,https://m.media-amazon.com/images/I/41-azRrhHEL.jpg
4571245297822,https://m.media-amazon.com/images/I/419Aa2Ql-UL.jpg
4571245297822,https://m.media-amazon.com/images/I/41GmKKS3DJL.jpg
4571245297822,https://m.media-amazon.com/images/I/41zF-miPGAL.jpg
4571245297822,https://m.media-amazon.com/images/I/413bCCL24sL.jpg
4571245297822,https://m.media-amazon.com/images/I/41szloJoslL.jpg
4560228204759,https://m.media-amazon.com/images/I/51lhEHbWYwL.jpg
4560228204759,https://m.media-amazon.com/images/I/51BwVNPm7pL.jpg
4560228204759,https://m.media-amazon.com/images/I/51+uF7lE2ZL.jpg
4560228204759,https://m.media-amazon.com/images/I/51zd3pDxiwL.jpg
4560228204759,https://m.media-amazon.com/images/I/51j0zoMWehL.jpg
4560228204759,https://m.media-amazon.com/images/I/51zDuTmbydL.jpg
4560228204759,https://m.media-amazon.com/images/I/51pYqXuEqRL.jpg
4560228204759,https://m.media-amazon.com/images/I/517wuQmCu6L.jpg
4560228204759,https://m.media-amazon.com/images/I/51f0OjXZEKL.jpg
4571498441072,https://m.media-amazon.com/images/I/41wz5BuASIL.jpg
4571498441072,https://m.media-amazon.com/images/I/51FGnbI2XtL.jpg
4571498441072,https://m.media-amazon.com/images/I/51JhB2ee6pL.jpg
4571498441072,https://m.media-amazon.com/images/I/41qXKX53COL.jpg
4571498441072,https://m.media-amazon.com/images/I/51GmAXYwv9L.jpg
4571498441072,https://m.media-amazon.com/images/I/51Be2MilayL.jpg
4571498441102,https://m.media-amazon.com/images/I/51nAqPZjKcL.jpg
4571498441102,https://m.media-amazon.com/images/I/61BJ5HaCW8L.jpg
4571498441102,https://m.media-amazon.com/images/I/61VRwSDRZBL.jpg
4571498441102,https://m.media-amazon.com/images/I/61PqY5f4lvL.jpg
4571498441102,https://m.media-amazon.com/images/I/61mbQarj80L.jpg
4571498441102,https://m.media-amazon.com/images/I/41mFnIIrqfL.jpg
4535123824937,https://m.media-amazon.com/images/I/41UeKvpVcHL.jpg
4535123824937,https://m.media-amazon.com/images/I/419teqyfJiL.jpg
4535123824937,https://m.media-amazon.com/images/I/41KVpbruB9L.jpg
4535123824937,https://m.media-amazon.com/images/I/415PjMHeTkL.jpg
4535123824937,https://m.media-amazon.com/images/I/41Id5bF4RVL.jpg
4535123824937,https://m.media-amazon.com/images/I/41o6XF1WC6L.jpg
4535123824937,https://m.media-amazon.com/images/I/41GZDd5PU7L.jpg
4535123824937,https://m.media-amazon.com/images/I/41y2C4BLhuL.jpg
4535123824937,https://m.media-amazon.com/images/I/41kxquuxy2L.jpg
4589642702788,https://m.media-amazon.com/images/I/41vq9GNyHIL.jpg
4589642702788,https://m.media-amazon.com/images/I/41tJj6SKv-L.jpg
4589642702788,https://m.media-amazon.com/images/I/41PcJ7eTHBL.jpg
4589642702788,https://m.media-amazon.com/images/I/412cKcurhzL.jpg
4589642702788,https://m.media-amazon.com/images/I/415M3IBLMPL.jpg
4589642702788,https://m.media-amazon.com/images/I/41-eNhNCzrL.jpg
4589642702788,https://m.media-amazon.com/images/I/51wSeqEVWpL.jpg
4589642702788,https://m.media-amazon.com/images/I/418N0cJWb3L.jpg
4589642702788,https://m.media-amazon.com/images/I/41YNBZnR41L.jpg
4589642702788,https://m.media-amazon.com/images/I/41X5zDSnlWL.jpg
4589642702788,https://m.media-amazon.com/images/I/41mPMGb1I9L.jpg
4589642702788,https://m.media-amazon.com/images/I/41NSkV5WmlL.jpg
4589642702788,https://m.media-amazon.com/images/I/41ILAZ-IznL.jpg
4589642702788,https://m.media-amazon.com/images/I/51mhKIx077L.jpg
4589642702788,https://m.media-amazon.com/images/I/41BH+R0WTSL.jpg
4545784042519,https://m.media-amazon.com/images/I/41-3EZ3r8NL.jpg
4545784042519,https://m.media-amazon.com/images/I/51PKpVWaq1L.jpg
4545784042519,https://m.media-amazon.com/images/I/51j1t-yHyLL.jpg
4545784042519,https://m.media-amazon.com/images/I/51iYipZ4Y5L.jpg
4545784042519,https://m.media-amazon.com/images/I/51jA8CxZiWL.jpg
4545784042519,https://m.media-amazon.com/images/I/51xvYmZlk1L.jpg
4545784042519,https://m.media-amazon.com/images/I/51yg0jMV3lL.jpg
4571498446008,https://m.media-amazon.com/images/I/31b8qOTojoL.jpg
4571498446008,https://m.media-amazon.com/images/I/51pVvEwrx8L.jpg
4571498446008,https://m.media-amazon.com/images/I/41Hl795vcBL.jpg
4571498446008,https://m.media-amazon.com/images/I/51YaQ7CgPPL.jpg
4571498446008,https://m.media-amazon.com/images/I/51fVak3lG9L.jpg
4560393841476,https://m.media-amazon.com/images/I/41hG5Yj16tL.jpg
4560393841476,https://m.media-amazon.com/images/I/41VKalUYY1L.jpg
4560393841476,https://m.media-amazon.com/images/I/51PHRUbvU1L.jpg
4560393841476,https://m.media-amazon.com/images/I/41rCytGjCUL.jpg
4560393841476,https://m.media-amazon.com/images/I/41gw7OEPbYL.jpg
4560393841476,https://m.media-amazon.com/images/I/51ZP-utBjML.jpg
4560393841476,https://m.media-amazon.com/images/I/41AlRZq7GOL.jpg
4560393841476,https://m.media-amazon.com/images/I/51+7HBYZMPL.jpg
4560393841476,https://m.media-amazon.com/images/I/51CmuojYemL.jpg
4560393841476,https://m.media-amazon.com/images/I/41OLVLBh2mL.jpg
4560393841476,https://m.media-amazon.com/images/I/51REeyQA+4L.jpg
4560393841476,https://m.media-amazon.com/images/I/51nYYXMsubL.jpg
4560393841476,https://m.media-amazon.com/images/I/51Qm3j+WtrL.jpg
4560393841476,https://m.media-amazon.com/images/I/51ii3RrZfuL.jpg
4571245297242,https://m.media-amazon.com/images/I/41ONIBHpiNL.jpg
4571245297242,https://m.media-amazon.com/images/I/51zC4A2SyhL.jpg
4571245297242,https://m.media-amazon.com/images/I/51JFX3WmCfL.jpg
4571245297242,https://m.media-amazon.com/images/I/51yXlwqM1iL.jpg
4571245297242,https://m.media-amazon.com/images/I/51pqewIeQjL.jpg
4571245297242,https://m.media-amazon.com/images/I/51AFrK1sqML.jpg
4571245297242,https://m.media-amazon.com/images/I/51stLdLNHmL.jpg
4571245297235,https://m.media-amazon.com/images/I/513NwFgskXL.jpg
4571245297235,https://m.media-amazon.com/images/I/51Uz0IU++GL.jpg
4571245297235,https://m.media-amazon.com/images/I/61wLviqnHdL.jpg
4571245297235,https://m.media-amazon.com/images/I/61CgfNxbcwL.jpg
4571245297235,https://m.media-amazon.com/images/I/51s3F5yRlUL.jpg
4571245297235,https://m.media-amazon.com/images/I/61124Gx2ASL.jpg
4571245297235,https://m.media-amazon.com/images/I/51dyHwJ-RnL.jpg
4560228204612,https://m.media-amazon.com/images/I/41HzXszpYkL.jpg
4560228204612,https://m.media-amazon.com/images/I/51iv3aYq2zL.jpg
4560228204612,https://m.media-amazon.com/images/I/513uZv4BaGL.jpg
4560228204612,https://m.media-amazon.com/images/I/515M2tnMdhL.jpg
4560228204612,https://m.media-amazon.com/images/I/413YVUAZQ-L.jpg
4560228204612,https://m.media-amazon.com/images/I/4126WnIFjEL.jpg
4560228204612,https://m.media-amazon.com/images/I/51qNLRU-f8L.jpg
4560228204612,https://m.media-amazon.com/images/I/51zxFYuxFsL.jpg
4560228204612,https://m.media-amazon.com/images/I/51fZbL3HIML.jpg
4571245296832,https://m.media-amazon.com/images/I/41CGSYLfRWL.jpg
4571245296832,https://m.media-amazon.com/images/I/41DpoogDa2L.jpg
4571245296832,https://m.media-amazon.com/images/I/413ZsdnU14L.jpg
4571245296832,https://m.media-amazon.com/images/I/417VcCP7RtL.jpg
4571245296832,https://m.media-amazon.com/images/I/41dsgzBC7gL.jpg
4571245296832,https://m.media-amazon.com/images/I/41HDLvuCWgL.jpg
4571245296832,https://m.media-amazon.com/images/I/41C7TYFl1HL.jpg
4571245296702,https://m.media-amazon.com/images/I/41Ha89hRpTL.jpg
4571245296702,https://m.media-amazon.com/images/I/51hJ4O2tKUL.jpg
4571245296702,https://m.media-amazon.com/images/I/51GZX+6xg2L.jpg
4571245296702,https://m.media-amazon.com/images/I/511CN2y5I7L.jpg
4571245296702,https://m.media-amazon.com/images/I/51NoIICVfmL.jpg
4571245296702,https://m.media-amazon.com/images/I/51LwWBcaj4L.jpg
4545784042328,https://m.media-amazon.com/images/I/51WOjG8SLzL.jpg
4545784042328,https://m.media-amazon.com/images/I/51da7YhRmbL.jpg
4545784042328,https://m.media-amazon.com/images/I/5106nPlk+mL.jpg
4545784042328,https://m.media-amazon.com/images/I/41qYeFNJMPL.jpg
4545784042328,https://m.media-amazon.com/images/I/51HyiHIzuML.jpg
4545784042328,https://m.media-amazon.com/images/I/51q0zux7qLL.jpg
4571498440501,https://m.media-amazon.com/images/I/41Ke9XLCUnL.jpg
4571498440501,https://m.media-amazon.com/images/I/41Vbk6NxNXL.jpg
4571498440501,https://m.media-amazon.com/images/I/51M0NMUKUaL.jpg
4571498440501,https://m.media-amazon.com/images/I/51+M8wbChKL.jpg
4571498440501,https://m.media-amazon.com/images/I/51Mj7Gx5y-L.jpg
4571498440501,https://m.media-amazon.com/images/I/41VzBvz9XrL.jpg
4571498440501,https://m.media-amazon.com/images/I/51LmKBv7QjL.jpg
4545784042229,https://m.media-amazon.com/images/I/418h66JgDaL.jpg
4545784042229,https://m.media-amazon.com/images/I/51-BmRg50pL.jpg
4545784042229,https://m.media-amazon.com/images/I/518QmiSbUQL.jpg
4545784042229,https://m.media-amazon.com/images/I/51sN+K8JOaL.jpg
4545784042229,https://m.media-amazon.com/images/I/51sX1TUgnBL.jpg
4545784042229,https://m.media-amazon.com/images/I/51R0fpgmNgL.jpg
4571245296429,https://m.media-amazon.com/images/I/51equxV-l6L.jpg
4571245296429,https://m.media-amazon.com/images/I/61TvJPb-2zL.jpg
4571245296429,https://m.media-amazon.com/images/I/51kgNe415AL.jpg
4571245296429,https://m.media-amazon.com/images/I/51ppnUR4K-L.jpg
4571245296429,https://m.media-amazon.com/images/I/51fBb-dK2IL.jpg
4571245296429,https://m.media-amazon.com/images/I/612dwBRcRqL.jpg
4571245296412,https://m.media-amazon.com/images/I/513NwFgskXL.jpg
4571245296412,https://m.media-amazon.com/images/I/51Uz0IU++GL.jpg
4571245296412,https://m.media-amazon.com/images/I/61CgfNxbcwL.jpg
4571245296412,https://m.media-amazon.com/images/I/61wLviqnHdL.jpg
4571245296412,https://m.media-amazon.com/images/I/61124Gx2ASL.jpg
4571245296412,https://m.media-amazon.com/images/I/51s3F5yRlUL.jpg
4571245296412,https://m.media-amazon.com/images/I/51dyHwJ-RnL.jpg
4560228204148,https://m.media-amazon.com/images/I/41qIdMkSkuL.jpg
4560228204148,https://m.media-amazon.com/images/I/41rX-3pAN8L.jpg
4560228204148,https://m.media-amazon.com/images/I/41bBpAlnzgL.jpg
4560228204148,https://m.media-amazon.com/images/I/41e07YRBmsL.jpg
4560228204148,https://m.media-amazon.com/images/I/51V+8EYMn8L.jpg
4560228204148,https://m.media-amazon.com/images/I/41X+6eR7NLL.jpg
4562425610166,https://m.media-amazon.com/images/I/51fsDO2uZjL.jpg
4562425610166,https://m.media-amazon.com/images/I/51z5pgY4FFL.jpg
4562425610166,https://m.media-amazon.com/images/I/41QBeweSXZL.jpg
4562425610166,https://m.media-amazon.com/images/I/41u0-KDS+mL.jpg
4562425610166,https://m.media-amazon.com/images/I/410htMqlmcL.jpg
4562425610166,https://m.media-amazon.com/images/I/41RHc9E3ezL.jpg
4562425610166,https://m.media-amazon.com/images/I/41S6v034wUL.jpg
4562425610166,https://m.media-amazon.com/images/I/41yS12RieSL.jpg
4562283271349,https://m.media-amazon.com/images/I/41GwqwjG7VL.jpg
4562283271349,https://m.media-amazon.com/images/I/51+eUlZjugL.jpg
4562283271349,https://m.media-amazon.com/images/I/51ar3bYoArL.jpg
4562283271349,https://m.media-amazon.com/images/I/51bT+f2XHdL.jpg
4562283271349,https://m.media-amazon.com/images/I/514i3LBZuxL.jpg
4562283271349,https://m.media-amazon.com/images/I/51QOMk9XfGL.jpg
4562283271349,https://m.media-amazon.com/images/I/51L5oElLQ3L.jpg
4562283271349,https://m.media-amazon.com/images/I/51Nh-lWHFOL.jpg
4562283271349,https://m.media-amazon.com/images/I/41Lms0xr0EL.jpg
4562283271349,https://m.media-amazon.com/images/I/412m3uTRsdL.jpg
4562283271349,https://m.media-amazon.com/images/I/410ee7fC-cL.jpg
4562283271349,https://m.media-amazon.com/images/I/41BwfJSpD-L.jpg
4562283271349,https://m.media-amazon.com/images/I/41+gkNA662L.jpg
4562283271349,https://m.media-amazon.com/images/I/419cusf2VbL.jpg
4571245295651,https://m.media-amazon.com/images/I/51LaFGfyzHL.jpg
4562177700214,https://m.media-amazon.com/images/I/51O7rCXYtfL.jpg
4562177700214,https://m.media-amazon.com/images/I/51ZNR7ZtXQL.jpg
4562177700214,https://m.media-amazon.com/images/I/51QycAb+3hL.jpg
4562177700214,https://m.media-amazon.com/images/I/51-NZbCtZ0L.jpg
4562177700214,https://m.media-amazon.com/images/I/51P0NGXULHL.jpg
4562177700214,https://m.media-amazon.com/images/I/51jE95UZgSL.jpg
4562177700214,https://m.media-amazon.com/images/I/51KLRu4grFL.jpg
4560228206272,https://m.media-amazon.com/images/I/41oMK5hA3gL.jpg
4560228206272,https://m.media-amazon.com/images/I/41RjrxpfKjL.jpg
4560228206272,https://m.media-amazon.com/images/I/41uJn3t-oUL.jpg
4560228206272,https://m.media-amazon.com/images/I/41gJxlW54AL.jpg
4560228206272,https://m.media-amazon.com/images/I/41zskYRPkrL.jpg
4560228206272,https://m.media-amazon.com/images/I/416+0I1TyKL.jpg
4562369650303,https://m.media-amazon.com/images/I/51uZEL-KQVL.jpg
4562369650303,https://m.media-amazon.com/images/I/51Hx6EllR8L.jpg
4562369650303,https://m.media-amazon.com/images/I/41lkvwdOXQL.jpg
4562369650303,https://m.media-amazon.com/images/I/41J3-Z6493L.jpg
4562369650303,https://m.media-amazon.com/images/I/51KBg4fjw1L.jpg
4562369650303,https://m.media-amazon.com/images/I/51MyzkkO7fL.jpg
4562369650303,https://m.media-amazon.com/images/I/51fPbZxJfBL.jpg
4571245295163,https://m.media-amazon.com/images/I/41Gh3TX1zUL.jpg
4571245295163,https://m.media-amazon.com/images/I/51aJjT669RL.jpg
4571245295163,https://m.media-amazon.com/images/I/41HOv3pnjUL.jpg
4571245295163,https://m.media-amazon.com/images/I/51Sj3mY5vpL.jpg
4571245295163,https://m.media-amazon.com/images/I/41tc9RDSF7L.jpg
4571245295163,https://m.media-amazon.com/images/I/41LophSpVuL.jpg
4545784042007,https://m.media-amazon.com/images/I/31stjuZAJBL.jpg
4545784042007,https://m.media-amazon.com/images/I/515tczZoYTL.jpg
4545784042007,https://m.media-amazon.com/images/I/51nVJTx5V4L.jpg
4545784042007,https://m.media-amazon.com/images/I/41lnB8fGPTL.jpg
4545784042007,https://m.media-amazon.com/images/I/51m0Wzo4fTL.jpg
4545784042007,https://m.media-amazon.com/images/I/51ihtRZm66L.jpg
4560228203653,https://m.media-amazon.com/images/I/31+Frpev3EL.jpg
4560228203653,https://m.media-amazon.com/images/I/41ix-Jpxa2L.jpg
4560228203653,https://m.media-amazon.com/images/I/41CKN24c74L.jpg
4560228203653,https://m.media-amazon.com/images/I/41GCzpqZq-L.jpg
4560228203653,https://m.media-amazon.com/images/I/413nxhLFTrL.jpg
4560228203653,https://m.media-amazon.com/images/I/41R3-Wy8-NL.jpg
4560228203653,https://m.media-amazon.com/images/I/41I5n1DHQjL.jpg
4560228203653,https://m.media-amazon.com/images/I/41nEueM0DrL.jpg
4560228203653,https://m.media-amazon.com/images/I/41UQ7cz1tDL.jpg
4560228203653,https://m.media-amazon.com/images/I/41mxj9gSFHL.jpg
4560228203653,https://m.media-amazon.com/images/I/41B9Lu4q9iL.jpg
4560228203653,https://m.media-amazon.com/images/I/41QTX13llqL.jpg
4560228203653,https://m.media-amazon.com/images/I/41mTY+I305L.jpg
4560228203653,https://m.media-amazon.com/images/I/41aV7aJ8ZLL.jpg
4560228203653,https://m.media-amazon.com/images/I/41Cdw3Bf-5L.jpg
4560228203653,https://m.media-amazon.com/images/I/41vdx894zJL.jpg
4545784041765,https://m.media-amazon.com/images/I/41MYKdL8WEL.jpg
4545784041765,https://m.media-amazon.com/images/I/51aHAXI87LL.jpg
4545784041765,https://m.media-amazon.com/images/I/51z0PgAGE8L.jpg
4545784041765,https://m.media-amazon.com/images/I/41MYKdL8WEL.jpg
4545784041765,https://m.media-amazon.com/images/I/51SCu++9vFL.jpg
4545784041765,https://m.media-amazon.com/images/I/51kus799v2L.jpg
4545784041765,https://m.media-amazon.com/images/I/51keAb72kVL.jpg
4560228203479,https://m.media-amazon.com/images/I/31Gjo2fWPRL.jpg
4560228203479,https://m.media-amazon.com/images/I/41uZKZfeG9L.jpg
4560228203479,https://m.media-amazon.com/images/I/41oHqtMGVvL.jpg
4560228203479,https://m.media-amazon.com/images/I/419pj5bzsjL.jpg
4560228203479,https://m.media-amazon.com/images/I/41mOFzeSKaL.jpg
4560228203479,https://m.media-amazon.com/images/I/41v1rAdU9oL.jpg
4560228203479,https://m.media-amazon.com/images/I/41KIQYSdEgL.jpg
4560228203479,https://m.media-amazon.com/images/I/41YdotD5AzL.jpg
4560228203479,https://m.media-amazon.com/images/I/41yxGgbcrzL.jpg
4560228203479,https://m.media-amazon.com/images/I/415PizmmM0L.jpg
4560228203479,https://m.media-amazon.com/images/I/418-6pIvwCL.jpg
4562389470219,https://m.media-amazon.com/images/I/41jJwszfOTL.jpg
4562389470219,https://m.media-amazon.com/images/I/31-0zeJ39iL.jpg
4562389470219,https://m.media-amazon.com/images/I/41UKP7Z3Z-L.jpg
4562389470219,https://m.media-amazon.com/images/I/41Ykou51sjL.jpg
4562389470219,https://m.media-amazon.com/images/I/31+pbkZUDFL.jpg
4562389470219,https://m.media-amazon.com/images/I/41Cs1O9Y68L.jpg
4562389470219,https://m.media-amazon.com/images/I/41X8aqv7yKL.jpg
4562389470219,https://m.media-amazon.com/images/I/41HdZOFp6PL.jpg
4562389470202,https://m.media-amazon.com/images/I/31rUe5KOgTL.jpg
4562389470202,https://m.media-amazon.com/images/I/31kaV1XZffL.jpg
4562389470202,https://m.media-amazon.com/images/I/31FLLYbu-lL.jpg
4562389470202,https://m.media-amazon.com/images/I/311arm2+JNL.jpg
4562389470202,https://m.media-amazon.com/images/I/41dW9Bun18L.jpg
4562389470202,https://m.media-amazon.com/images/I/41+RXU7MMvL.jpg
4562389470202,https://m.media-amazon.com/images/I/41p0mZRmEbL.jpg
4562389470202,https://m.media-amazon.com/images/I/41z9HUem-PL.jpg
4562389470202,https://m.media-amazon.com/images/I/412ukiU96hL.jpg
4543112851697,https://m.media-amazon.com/images/I/31pY0bYaY8L.jpg
4543112851697,https://m.media-amazon.com/images/I/31hgOOzb3KL.jpg
4543112851697,https://m.media-amazon.com/images/I/31dGxNif47L.jpg
4543112851697,https://m.media-amazon.com/images/I/31NK2NblQmL.jpg
4543112851697,https://m.media-amazon.com/images/I/41V5sDJdsHL.jpg
4543112851697,https://m.media-amazon.com/images/I/31GIM8dF+bL.jpg
4543112851697,https://m.media-amazon.com/images/I/31s2Widr5PL.jpg
4543112851697,https://m.media-amazon.com/images/I/31nOqzwHCWL.jpg
4543112851697,https://m.media-amazon.com/images/I/31PaVjUcemL.jpg
4543112851697,https://m.media-amazon.com/images/I/31bdSXuPInL.jpg
4543112851697,https://m.media-amazon.com/images/I/31juSrZEF0L.jpg
4545784041673,https://m.media-amazon.com/images/I/41C5awUvSBL.jpg
4545784041673,https://m.media-amazon.com/images/I/51WjzFbkH6L.jpg
4545784041673,https://m.media-amazon.com/images/I/41+lMe3n+2L.jpg
4545784041673,https://m.media-amazon.com/images/I/51hWxe8Pj2L.jpg
4545784041673,https://m.media-amazon.com/images/I/51Q1n4hRn5L.jpg
4545784041673,https://m.media-amazon.com/images/I/51kIbpeM3bL.jpg
4545784041673,https://m.media-amazon.com/images/I/519vbrDS2VL.jpg
4571392000177,https://m.media-amazon.com/images/I/319p-SIU+vL.jpg
4571392000177,https://m.media-amazon.com/images/I/41WU0Q-8jvL.jpg
4571392000177,https://m.media-amazon.com/images/I/510zKXhVOKL.jpg
4571392000177,https://m.media-amazon.com/images/I/51YCg-S8vKL.jpg
4571392000177,https://m.media-amazon.com/images/I/41ME6kQkS9L.jpg
4571392000177,https://m.media-amazon.com/images/I/4168frBjNtL.jpg
4562389470080,https://m.media-amazon.com/images/I/415UbyjMG2L.jpg
4562389470080,https://m.media-amazon.com/images/I/4163AQUEKPL.jpg
4562389470080,https://m.media-amazon.com/images/I/41IASoBcMSL.jpg
4562389470080,https://m.media-amazon.com/images/I/41mGVs1ZJfL.jpg
4562389470080,https://m.media-amazon.com/images/I/41JLDZoBtnL.jpg
4562389470080,https://m.media-amazon.com/images/I/417kvjTvmkL.jpg
4562389470080,https://m.media-amazon.com/images/I/41dn0LzEbKL.jpg
4562389470080,https://m.media-amazon.com/images/I/417U9RJZDaL.jpg
4562389470080,https://m.media-amazon.com/images/I/415WNxkcw6L.jpg
4562389470073,https://m.media-amazon.com/images/I/41HbveXN3yL.jpg
4562389470073,https://m.media-amazon.com/images/I/41P1IonUmuL.jpg
4562389470073,https://m.media-amazon.com/images/I/41un+mrXJmL.jpg
4562389470073,https://m.media-amazon.com/images/I/4172JN7edhL.jpg
4562389470073,https://m.media-amazon.com/images/I/41E4HeLAIeL.jpg
4562389470073,https://m.media-amazon.com/images/I/41gK2iTmyfL.jpg
4562389470073,https://m.media-amazon.com/images/I/41BBa0MbfCL.jpg
4562389470073,https://m.media-amazon.com/images/I/41lYTHhV5EL.jpg
4543112805447,https://m.media-amazon.com/images/I/41UmQeEVqQL.jpg
4543112805447,https://m.media-amazon.com/images/I/418YRWRGtvL.jpg
4543112805447,https://m.media-amazon.com/images/I/41z46ci-F8L.jpg
4543112805447,https://m.media-amazon.com/images/I/41USkl7gwDL.jpg
4543112805447,https://m.media-amazon.com/images/I/41h5InK7uML.jpg
4543112805447,https://m.media-amazon.com/images/I/41IFtgSf5GL.jpg
4543112805447,https://m.media-amazon.com/images/I/41lQJPpeY-L.jpg
4543112805447,https://m.media-amazon.com/images/I/41nv5nZjD5L.jpg
4543112805447,https://m.media-amazon.com/images/I/41cZl0A8pvL.jpg
4582292601159,https://m.media-amazon.com/images/I/31VWWIRWdZL.jpg
4582292601159,https://m.media-amazon.com/images/I/415bvl6UYzL.jpg
4582292601159,https://m.media-amazon.com/images/I/41LRmW-GIcL.jpg
4582292601159,https://m.media-amazon.com/images/I/41-in1AN8ZL.jpg
4582292601159,https://m.media-amazon.com/images/I/41OTs6YlrML.jpg
4582292601159,https://m.media-amazon.com/images/I/31rWHk2+O9L.jpg
4582292601159,https://m.media-amazon.com/images/I/41KGljOytcL.jpg
4582292601159,https://m.media-amazon.com/images/I/41FSGNlA7jL.jpg
4582292601159,https://m.media-amazon.com/images/I/41ySt8na4jL.jpg
4582292601159,https://m.media-amazon.com/images/I/31t7dfNTrQL.jpg
4560228202953,https://m.media-amazon.com/images/I/41ZH96Q0AgL.jpg
4560228202953,https://m.media-amazon.com/images/I/41MIKWcAWaL.jpg
4560228202953,https://m.media-amazon.com/images/I/41f98mKquFL.jpg
4560228202953,https://m.media-amazon.com/images/I/41WgeWKrgOL.jpg
4560228202953,https://m.media-amazon.com/images/I/41jEPzLPi2L.jpg
4560228202953,https://m.media-amazon.com/images/I/41ueMbgtX7L.jpg
4560228202953,https://m.media-amazon.com/images/I/419dC8JTtLL.jpg
4560228202953,https://m.media-amazon.com/images/I/41xgM7JOniL.jpg
4560228202953,https://m.media-amazon.com/images/I/41kw1ZcSyUL.jpg
4560228202953,https://m.media-amazon.com/images/I/41c5NL21g+L.jpg
4582191967837,https://m.media-amazon.com/images/I/41PEKLjdFIL.jpg
4582191967837,https://m.media-amazon.com/images/I/51jAM6jKRjL.jpg
4582191967837,https://m.media-amazon.com/images/I/51vB4UcWmVL.jpg
4582191967837,https://m.media-amazon.com/images/I/511Uz5sgg+L.jpg
4582191967837,https://m.media-amazon.com/images/I/518h2X0eu+L.jpg
4531894362920,https://m.media-amazon.com/images/I/41OewVywcmL.jpg
4531894362920,https://m.media-amazon.com/images/I/41OvXbDSlZL.jpg
4531894362920,https://m.media-amazon.com/images/I/41iVr65ikHL.jpg
4531894362920,https://m.media-amazon.com/images/I/510GCKbxnML.jpg
4531894362920,https://m.media-amazon.com/images/I/51HJYcfP4GL.jpg
4531894362920,https://m.media-amazon.com/images/I/416SSKXRBHL.jpg
4531894362920,https://m.media-amazon.com/images/I/51uDJicnepL.jpg
4582191965154,https://m.media-amazon.com/images/I/41AxCQmPeuL.jpg
4582191965154,https://m.media-amazon.com/images/I/513LzKcXLcL.jpg
4582191965154,https://m.media-amazon.com/images/I/517Pny3AADL.jpg
4582191965154,https://m.media-amazon.com/images/I/51ZMj+lqf8L.jpg
4582191965154,https://m.media-amazon.com/images/I/51V6HJrsCkL.jpg
4530430138821,https://m.media-amazon.com/images/I/41dC1uAz3RL.jpg
4530430138821,https://m.media-amazon.com/images/I/41uPnI0wfDL.jpg
4530430138821,https://m.media-amazon.com/images/I/41Z9-rgRTTL.jpg
4530430138821,https://m.media-amazon.com/images/I/31+GI7Q46JL.jpg
4530430138821,https://m.media-amazon.com/images/I/31FEyX+0OrL.jpg
4530430138821,https://m.media-amazon.com/images/I/41PTYIZVvnL.jpg
4530430138814,https://m.media-amazon.com/images/I/41wFXx-aFgL.jpg
4530430138814,https://m.media-amazon.com/images/I/41cGCYjO5OL.jpg
4530430138814,https://m.media-amazon.com/images/I/41rqROW-AbL.jpg
4530430138814,https://m.media-amazon.com/images/I/41EaOq1NA9L.jpg
4530430138814,https://m.media-amazon.com/images/I/41YJ7t06KPL.jpg
4530430138814,https://m.media-amazon.com/images/I/41y9nkzOsTL.jpg
4530430138814,https://m.media-amazon.com/images/I/41W3lazULIL.jpg
4535123809163,https://m.media-amazon.com/images/I/51M9iHonR9L.jpg
4535123809163,https://m.media-amazon.com/images/I/51Xsimnkq5L.jpg
4530430138081,https://m.media-amazon.com/images/I/41u4RWkMj7L.jpg
4530430138081,https://m.media-amazon.com/images/I/31I5HK6naNL.jpg
4530430138081,https://m.media-amazon.com/images/I/41iaTwKLnrL.jpg
4530430138081,https://m.media-amazon.com/images/I/31FDbMyLsaL.jpg
4530430138081,https://m.media-amazon.com/images/I/41kndP+02ZL.jpg
4535123711657,https://m.media-amazon.com/images/I/41-yWn1EfXL.jpg
4535123711657,https://m.media-amazon.com/images/I/41crpHrlPDL.jpg
4535123711657,https://m.media-amazon.com/images/I/51neEXV1VzL.jpg
4535123711640,https://m.media-amazon.com/images/I/41jwOh59BGL.jpg
4535123711640,https://m.media-amazon.com/images/I/41L5XJjOFGL.jpg
4535123711640,https://m.media-amazon.com/images/I/41FT7tMP4rL.jpg
4543112522849,https://m.media-amazon.com/images/I/41R9oaEcv8L.jpg
4543112522849,https://m.media-amazon.com/images/I/41Rtqa6TtGL.jpg
4543112522849,https://m.media-amazon.com/images/I/31ZdxtJxC1L.jpg
4543112522849,https://m.media-amazon.com/images/I/31J1BDOpqML.jpg
4543112522849,https://m.media-amazon.com/images/I/313q1MFDalL.jpg
4543112522849,https://m.media-amazon.com/images/I/41+YwhW9akL.jpg
4543112522856,https://m.media-amazon.com/images/I/31IWaxeJ9qL.jpg
4543112522856,https://m.media-amazon.com/images/I/31AuIrQ+JYL.jpg
4543112522856,https://m.media-amazon.com/images/I/31TH4p96SeL.jpg
4543112522856,https://m.media-amazon.com/images/I/31NhPuFnbOL.jpg
4543112522856,https://m.media-amazon.com/images/I/41IVegZlMzL.jpg
4543112522856,https://m.media-amazon.com/images/I/31EBhXdc8XL.jpg
4543112522856,https://m.media-amazon.com/images/I/31bjSHQLG3L.jpg
4543112522856,https://m.media-amazon.com/images/I/31MM1nNQMYL.jpg
4582191965079,https://m.media-amazon.com/images/I/41ZkxND+utL.jpg
4582191965079,https://m.media-amazon.com/images/I/51HkCPA7shL.jpg
4582191965079,https://m.media-amazon.com/images/I/41yhzh0N9BL.jpg
4582191965079,https://m.media-amazon.com/images/I/51BZkmQOk0L.jpg
4582191965079,https://m.media-amazon.com/images/I/41-2M4NLrkL.jpg
4530430137817,https://m.media-amazon.com/images/I/41lpq3b6tPL.jpg
4530430137817,https://m.media-amazon.com/images/I/410VEIe6lJL.jpg
4530430137817,https://m.media-amazon.com/images/I/41A4L1ZVV0L.jpg
4530430137817,https://m.media-amazon.com/images/I/41ea7-pQrGL.jpg
4530430137817,https://m.media-amazon.com/images/I/418yNgCD96L.jpg
4530430137817,https://m.media-amazon.com/images/I/41f6HZgy8EL.jpg
4530430137817,https://m.media-amazon.com/images/I/31TWl2ccLcL.jpg
4530430137817,https://m.media-amazon.com/images/I/41Sn-3UGAsL.jpg
4530430137817,https://m.media-amazon.com/images/I/41ZcfWzhq1L.jpg
4530430137756,https://m.media-amazon.com/images/I/3194H7qtTGL.jpg
4530430137756,https://m.media-amazon.com/images/I/31ZpdzYHs0L.jpg
4530430137756,https://m.media-amazon.com/images/I/31qvhDkVk3L.jpg
4530430137756,https://m.media-amazon.com/images/I/31RUNPh5PRL.jpg
4530430137756,https://m.media-amazon.com/images/I/31ad32S-lHL.jpg
4530430137756,https://m.media-amazon.com/images/I/31m4y5GYAyL.jpg
4530430137756,https://m.media-amazon.com/images/I/31qgQBejDJL.jpg
4530430137756,https://m.media-amazon.com/images/I/411zrIldCdL.jpg
4530430137756,https://m.media-amazon.com/images/I/31pfQ7xfVkL.jpg
4543112531742,https://m.media-amazon.com/images/I/41j3QaNbwqL.jpg
4543112531742,https://m.media-amazon.com/images/I/41j3QaNbwqL.jpg
